episode,reward,success,alpha,ep_avg_actor_loss,ep_avg_critic_loss,buffer_size,total_steps
1,-431.748163933935,0,0.20000000298023224,nan,nan,298,298
2,-572.848448351971,0,0.20000000298023224,nan,nan,625,625
3,-685.4670830746005,0,0.20000000298023224,nan,nan,980,980
4,-381.8201966943887,0,0.20000000298023224,nan,nan,1269,1269
5,-542.1881126836221,0,0.20000000298023224,nan,nan,1583,1583
6,-915.3514371295597,0,0.20000000298023224,nan,nan,1963,1963
7,-369.9308197680786,0,0.20000000298023224,nan,nan,2262,2262
8,-620.3320008677088,0,0.20000000298023224,nan,nan,2593,2593
9,-373.9332907410144,0,0.20000000298023224,nan,nan,2881,2881
10,-311.07926243031216,0,0.20000000298023224,nan,nan,3156,3156
11,-362.12003676060056,0,0.20000000298023224,nan,nan,3448,3448
12,-488.1728829738725,0,0.20000000298023224,nan,nan,3750,3750
13,-230.82085708604956,0,0.20000000298023224,nan,nan,4023,4023
14,-333.6159904048446,0,0.20000000298023224,nan,nan,4315,4315
15,-417.2006192565377,0,0.20000000298023224,nan,nan,4615,4615
16,-866.5420630942378,0,0.20000000298023224,nan,nan,4976,4976
17,-476.6493900630105,0,0.19726262986660004,0.8498737765106268,27.52740947089901,5277,5277
18,-288.0708416246478,0,0.19208307564258575,0.3032999184925291,24.89533683148826,5605,5605
19,-275.7311370141093,0,0.18922683596611023,-0.23986464330496696,23.36660524355528,5904,5904
20,-185.316183787091,0,0.1880803257226944,-0.9648625548822539,22.127530922208514,6254,6254
21,-136.08457758632971,0,0.18820424377918243,-2.0896310066239216,20.504596624481543,6610,6610
22,-116.68449440640683,0,0.1878277212381363,-2.9553237240866754,20.99627855942074,6964,6964
23,-454.3099695207735,0,0.18742504715919495,-3.520260546609797,18.64394901021001,7361,7361
24,-209.10796245186893,0,0.1928013265132904,-4.160770196001977,17.871440236456692,7873,7873
25,-196.469429779535,0,0.2005242258310318,-5.52939555597411,17.510181465064342,8324,8324
26,-80.23958940577438,0,0.20374639332294464,-6.532787217335268,16.597322491082277,8676,8676
27,14.857822084698043,0,0.2053559124469757,-7.179589372908998,16.828529540650145,9010,9010
28,-112.97454230573886,0,0.2046949416399002,-7.637527653044718,16.34551820286944,9336,9336
29,-33.35040779096258,0,0.20347045361995697,-8.162664901575393,15.587864327007496,9674,9674
30,-202.97735142447422,0,0.20179887115955353,-8.563667814982566,15.669048042673813,9978,9978
31,-439.91124468623565,1,0.20007677376270294,-8.742129563649495,16.219695170084634,10353,10353
32,-303.72903436153234,0,0.2060154229402542,-9.037358292881747,50.16760067120349,10836,10836
33,-83.56850450823055,0,0.20955286920070648,-9.023906629552286,66.2477523359672,11214,11214
34,63.64621753834668,0,0.2115195393562317,-8.998294415735389,51.998915347355776,11597,11597
35,-314.8491878642165,0,0.21609371900558472,-8.911792316384224,49.318342026271765,11960,11960
36,-69.18147711556166,0,0.22586025297641754,-8.769416057302596,23.42352891272687,12430,12430
37,25.091432145914126,0,0.2318354696035385,-8.652279135225868,40.15083601227661,12787,12787
38,-25.196483246004718,0,0.23718738555908203,-8.594548802867497,49.7067372221455,13204,13204
39,50.33345398608402,0,0.24462884664535522,-8.438214362867727,26.173310207307207,13651,13651
40,-67.05081712912171,0,0.25213050842285156,-8.458859450214511,47.269700667360325,14015,14015
41,-65.51802531479704,0,0.25588053464889526,-8.6873882588557,40.135743978518796,14429,14429
42,45.453069684364955,0,0.25766056776046753,-8.79608765372747,57.75075372985647,14824,14824
43,-54.875992763521154,0,0.2582383453845978,-8.905149634866154,28.119971977682674,15249,15249
44,43.936456304442814,0,0.2570556402206421,-9.097342880635425,29.465099645072016,15713,15713
45,-8.155786607979692,0,0.2613004744052887,-9.256132674366548,34.71251367875579,16192,16192
46,541.929266903343,1,0.2637694478034973,-9.106154838175636,22.043922087003946,16503,16503
47,533.298471729151,1,0.26571571826934814,-9.345375857436865,62.36381768009119,16788,16788
48,424.0092519752651,0,0.2654896378517151,-9.723656982109505,67.15943862664197,17191,17191
49,15.273701175286575,0,0.2675570547580719,-9.818086835674773,78.66324574905529,17590,17590
50,517.6202823867646,1,0.2670195996761322,-9.800208441520992,67.59745565997927,17894,17894
51,493.60928308906614,1,0.26592281460762024,-9.8903407195829,96.64910567031717,18212,18212
52,-18.143545119643235,0,0.26432251930236816,-10.70454035282135,102.72877207875251,18612,18612
53,552.2597522663069,1,0.2622382938861847,-10.720949659234451,104.1334244724319,18865,18865
54,568.0739653506631,1,0.2607435882091522,-10.702297628638279,119.86941574864179,19116,19116
55,525.4124613406958,1,0.2594243288040161,-11.133471256742874,207.22632988293967,19308,19308
56,-2341.5250197235205,1,0.2713392376899719,-12.008806948171278,125.2523920735674,20144,20144
57,540.1539169547909,1,0.275364488363266,-12.301501503769233,137.68909446171352,20389,20389
58,580.1928229129032,1,0.2789371907711029,-13.007769422921521,156.44808544750103,20560,20560
59,522.6686168800468,1,0.28343552350997925,-13.558540328254912,120.58244119942522,20739,20739
60,519.0419397965883,1,0.2889130413532257,-13.90523123111365,175.83603480357044,21004,21004
61,515.7728015360457,1,0.29440784454345703,-14.195744971434275,177.48185360873188,21220,21220
62,568.0133171969295,1,0.2976186275482178,-14.492032365028903,152.7183967791729,21381,21381
63,599.1782927159724,1,0.30074208974838257,-14.838184932072958,138.82140384038289,21531,21531
64,558.0136081508272,1,0.304683655500412,-15.093445216908174,171.25725803273247,21718,21718
65,565.1754348610968,1,0.3079407215118408,-15.513267459131736,182.98906968575156,21899,21899
66,-214.38066844842717,0,0.31262898445129395,-16.58997868890522,183.66333315753135,22375,22375
67,-183.357463831255,0,0.3120671510696411,-18.283715322696963,188.5205410206118,22733,22733
68,542.5839371247895,1,0.3111847937107086,-18.798648056983946,177.90314857006072,22933,22933
69,454.040643783462,1,0.31272903084754944,-19.73998767514772,172.02544724186765,23170,23170
70,410.9599778802977,1,0.3126299977302551,-19.50043582338275,176.2941458499793,23335,23335
71,496.78295247937524,1,0.3132132887840271,-20.273641004502398,134.27053459335423,23494,23494
72,500.72409013323517,1,0.3120485544204712,-20.75366191990328,166.3020351801487,23645,23645
73,598.6027701013797,1,0.31270259618759155,-21.41894869182421,203.49465270664382,23783,23783
74,605.0752138694107,1,0.31385090947151184,-21.68617255293478,188.92931824781763,23910,23910
75,561.478769042684,1,0.31356900930404663,-22.46767451665173,197.97328251355316,24056,24056
76,414.05003200964336,1,0.31519049406051636,-22.413382398489432,183.7160469234319,24237,24237
77,-1068.1888856328167,1,0.3174734115600586,-24.071828077561456,153.7212053643852,24696,24696
78,-164.79023648857373,0,0.31833937764167786,-26.497830393486943,135.37605567144644,25069,25069
79,597.111592780938,1,0.3187476694583893,-27.4062517339533,141.2092338842112,25212,25212
80,475.7074338827564,1,0.3187990188598633,-29.188617968685413,134.2463370429145,25401,25401
81,408.69525482011977,1,0.3191908001899719,-29.954433144989963,153.48129217965263,25562,25562
82,376.587206675361,1,0.32063594460487366,-30.766540742078366,144.17509311398135,25713,25713
83,384.55554691098666,1,0.3202287554740906,-32.13743458961954,124.99016101344102,25860,25860
84,527.7370701124503,1,0.32155805826187134,-32.69989909106538,154.4164962040559,25991,25991
85,564.0690122607097,1,0.32189589738845825,-34.156408463081306,120.12488078374932,26128,26128
86,108.70379007342268,1,0.3229645788669586,-35.0895810486168,120.52549309884348,26314,26314
87,581.8239209668609,1,0.32361480593681335,-35.975004349311774,123.65608205586454,26451,26451
88,608.1251877596744,1,0.32565146684646606,-36.89432217427437,103.10731242350396,26602,26602
89,411.0545140452639,1,0.3297281563282013,-38.63738696532842,108.4485474874282,26771,26771
90,535.9932155381765,1,0.3311137557029724,-39.59744257642733,108.44144091069303,26922,26922
91,304.4993661652284,1,0.33529898524284363,-41.454417223249166,111.1652524457659,27097,27097
92,595.256307964155,1,0.33939096331596375,-42.37742320469447,97.40498553684779,27237,27237
93,588.48613931725,1,0.3433072566986084,-43.63642871285987,91.56628374415119,27364,27364
94,594.8016464472233,1,0.34638547897338867,-44.32058249903089,84.74844318127815,27495,27495
95,602.3072160558077,1,0.3500820994377136,-45.57743476093679,78.0711594318998,27633,27633
96,565.2909179768826,1,0.35452571511268616,-47.086082343768354,66.6385491019801,27766,27766
97,611.2014709477637,1,0.3576298654079437,-48.773995097090555,88.87861619344572,27889,27889
98,537.8477825676548,1,0.3603878319263458,-49.32540783286095,71.07239724695683,28017,28017
99,427.9725733344195,1,0.36477845907211304,-51.03349971085144,67.86894397598377,28156,28156
100,612.3754729021365,1,0.3689897656440735,-52.860995285154324,71.64223729531597,28283,28283
101,602.1274573821199,1,0.3737937808036804,-54.75418204155521,74.55299038817917,28421,28421
102,-77.7278464020564,1,0.380278617143631,-56.063579302377654,71.47934078552562,28614,28614
103,602.568967710147,1,0.38461726903915405,-58.98985248434133,62.894944184401936,28759,28759
104,618.5904579459358,1,0.39059969782829285,-60.251535610889825,58.128416962510954,28886,28886
105,518.4990785077227,1,0.3961493670940399,-61.94766525373067,72.5127646433164,29032,29032
106,-286.75954305643216,0,0.40825769305229187,-65.04672303130661,61.482145901002745,29377,29377
107,571.523751353677,1,0.4117887020111084,-67.07731965008904,64.7217393762925,29479,29479
108,-964.955718224878,1,0.41957905888557434,-70.28751873344964,67.67569394772418,29746,29746
109,618.6428347215902,1,0.4223645329475403,-73.58836975097657,59.741950098673506,29866,29866
110,579.9202474034516,1,0.4247714877128601,-74.8092907496861,67.44688609668187,29978,29978
111,620.4936487712074,1,0.4274943172931671,-75.53666698932648,69.57256964842479,30074,30074
112,609.4680254204357,1,0.4307686686515808,-77.45252220517114,62.998669324602396,30179,30179
113,603.3140091809825,1,0.43364033102989197,-77.56967279862384,62.2950095157234,30277,30277
114,589.0425029628213,1,0.4363877475261688,-78.86415224942294,56.88619036241011,30387,30387
115,588.7170362402326,1,0.43891578912734985,-81.06409349354035,66.348931111327,30496,30496
116,620.7864483649269,1,0.44134053587913513,-82.5280590057373,58.76674888444983,30588,30588
117,610.7328948734655,1,0.44487252831459045,-83.24566197159267,66.64513276355102,30689,30689
118,602.2183549680799,1,0.4483965039253235,-85.72087295850118,82.5504903793335,30785,30785
119,527.046282167817,1,0.4518498182296753,-86.07076291948836,63.39182597008821,30892,30892
120,621.6041950848823,1,0.45393499732017517,-87.5292224678942,65.14011442533103,30985,30985
121,597.9179193542428,1,0.45705103874206543,-90.05402961144081,69.76303195953369,31089,31089
122,610.3569163463975,1,0.45895442366600037,-90.435118295614,67.2840620244591,31192,31192
123,463.8964999651558,1,0.4614191949367523,-93.0376256745437,64.39040634549897,31308,31308
124,569.8191549628116,1,0.4669201076030731,-93.66585359295595,67.78853391443641,31514,31514
125,189.54633219334636,1,0.46943631768226624,-97.81582503431426,82.19486476868157,31641,31641
126,622.4382001379664,1,0.46807774901390076,-99.09896425856758,68.2051426602393,31738,31738
127,569.3678236316707,1,0.46938356757164,-99.6405362215909,69.88699567810563,31859,31859
128,611.9018426038489,1,0.47026732563972473,-100.00768400890992,68.39944516550196,31960,31960
129,576.8526357753383,1,0.47171398997306824,-102.03739914938669,62.81258622285362,32067,32067
130,619.6621814420131,1,0.4744575023651123,-103.87741914342661,74.13428895981585,32189,32189
131,600.953193608878,1,0.47549837827682495,-104.46959938049316,68.65338985443115,32289,32289
132,624.5929749178088,1,0.47771206498146057,-107.66147270631254,65.43231728371609,32378,32378
133,621.9062490538136,1,0.4799664616584778,-108.58379523308723,64.8280223594917,32469,32469
134,602.3212773790488,1,0.4829963743686676,-109.60876765149705,59.65792706672182,32563,32563
135,579.6980982921261,1,0.48669758439064026,-111.57987527748973,68.47263123817051,32660,32660
136,604.319739591134,1,0.4896836578845978,-112.33355951309204,66.32529242833455,32756,32756
137,612.3034790087138,1,0.49354830384254456,-113.1685442717179,66.89575968617979,32848,32848
138,611.471237928908,1,0.4969661235809326,-116.36113956996373,62.25076377784813,32939,32939
139,583.7751290402159,1,0.49928680062294006,-117.95126912785672,67.58086263722387,33026,33026
140,623.8501455936312,1,0.5030142068862915,-119.67652722527,62.66234979068532,33111,33111
141,572.3768108628669,1,0.5073196291923523,-120.1229212561319,62.3658401356187,33197,33197
142,623.1900460693929,1,0.511100172996521,-122.00165373149672,64.74753883763364,33292,33292
143,622.0579832636809,1,0.5147519111633301,-123.36660180342825,64.21764978107653,33387,33387
144,623.245313390815,1,0.5184479355812073,-125.60684338244764,61.78550533671955,33478,33478
145,581.230647678625,1,0.5220319032669067,-127.51819397300802,65.35727090733026,33571,33571
146,603.3943832573855,1,0.5262730121612549,-128.56363426657285,69.04618229585536,33656,33656
147,541.3568931654112,1,0.5302090048789978,-131.24701585160926,64.05424852574126,33750,33750
148,618.7062224194569,1,0.5331547856330872,-131.59683024088542,62.9722410413954,33840,33840
149,559.1516587317927,1,0.5370216965675354,-134.11247059084334,65.74170882746859,33946,33946
150,557.3190315846877,1,0.5403134822845459,-137.14634950699346,64.87319218215121,34039,34039
151,611.8073215459905,1,0.5443466901779175,-137.58160224327673,68.41493640103182,34130,34130
152,624.7262634442021,1,0.5485097169876099,-139.15376924664787,61.80768992391865,34219,34219
153,603.1104248414955,1,0.5517373085021973,-139.94195574383403,63.98154272035111,34305,34305
154,554.2375123089173,1,0.5556223392486572,-143.50109781244748,65.1631818381689,34398,34398
155,552.009994819439,1,0.5597148537635803,-144.0618417484244,65.28657099143746,34495,34495
156,554.0157946119868,1,0.5621469616889954,-145.62890889693278,76.50545622377979,34593,34593
157,620.8349905758087,1,0.5635847449302673,-147.3112788150185,69.00054110476846,34688,34688
158,613.3447818150826,1,0.5654857754707336,-148.4388768395712,61.156966675159545,34774,34774
159,604.4916064337189,1,0.5673604011535645,-149.73904117537134,64.80954984971035,34855,34855
160,612.6892034694463,1,0.569913387298584,-152.94642224519148,64.85637919799142,34947,34947
161,410.93713067636793,1,0.5712035894393921,-153.1448812956857,66.33229061164478,35048,35048
162,620.8867876949787,1,0.5728263854980469,-154.57482634199425,61.32437671499049,35142,35142
163,438.98616228341035,1,0.5747735500335693,-157.2060591671445,57.68926088525615,35251,35251
164,604.0538466287119,1,0.5763847827911377,-156.43293050130208,72.70543314615885,35341,35341
165,626.736802231701,1,0.578405499458313,-160.29729381360505,61.98880873228374,35417,35417
166,587.9338743690648,1,0.5789059996604919,-161.4322509765625,73.93935377142402,35506,35506
167,622.492289125525,1,0.5786054134368896,-160.75778870355515,64.65392925625756,35590,35590
168,410.65576985104354,1,0.5778672695159912,-164.87467310978815,67.16213387709398,35720,35720
169,465.69148951124197,1,0.578444242477417,-165.99434183980082,65.28655089912834,35811,35811
170,615.7131363528681,1,0.5798876881599426,-166.0796867278685,72.03024811342539,35894,35894
171,618.7615684635252,1,0.5811001658439636,-169.38012509229708,73.08058410737573,35976,35976
172,618.2476948721528,1,0.5826666355133057,-170.31841420018395,77.57640709987906,36062,36062
173,299.0036341299786,1,0.5842919945716858,-172.68787579831823,70.12197852345695,36175,36175
174,623.9248181460645,1,0.5853287577629089,-172.69824444806133,74.74455833435059,36256,36256
175,587.6819116528179,1,0.5848387479782104,-175.342266256159,64.18511405858126,36344,36344
176,593.8510095383222,1,0.5846413969993591,-177.33176244691361,67.68758166113565,36430,36430
177,623.4428935078606,1,0.5846874117851257,-178.21905340150346,52.22783150783805,36516,36516
178,625.6735709535583,1,0.5840349197387695,-177.0813648851612,67.343230356144,36595,36595
179,611.2809409937055,1,0.584003746509552,-180.26321130511405,55.55422364158192,36682,36682
180,594.2785625857027,1,0.5843973755836487,-181.44303250600058,64.70180980268731,36765,36765
181,285.49132013322674,1,0.5833845138549805,-181.24736116643538,69.91175753610176,36879,36879
182,608.2940416484524,1,0.5832823514938354,-184.04550656405362,64.45219833200628,36967,36967
183,88.63148083261774,1,0.5815335512161255,-184.37180311902821,67.46644474276536,37106,37106
184,492.8671244172152,1,0.5810993313789368,-185.63741615696958,73.34688020003469,37201,37201
185,617.7155861220394,1,0.5798524618148804,-186.61956432253817,79.03611797510192,37287,37287
186,610.0765574754178,1,0.5790468454360962,-188.28953147796264,63.689660359577964,37370,37370
187,604.806755971994,1,0.5789794325828552,-189.4114974975586,65.21293473243713,37450,37450
188,580.7928512946985,1,0.5788997411727905,-189.7522600391243,73.26931424684162,37529,37529
189,613.6742080922896,1,0.5779334306716919,-192.776279360749,76.47163655037103,37615,37615
190,604.3861203908921,1,0.5780780911445618,-194.37311601050106,68.36988628057786,37696,37696
191,585.9321536700379,1,0.5797147750854492,-194.20087935284872,65.66727100930562,37778,37778
192,613.2487295971334,1,0.5806654095649719,-195.91417954607707,65.36953758611912,37860,37860
193,600.0474629562864,1,0.5815564393997192,-196.02783832550048,72.38236443996429,37940,37940
194,542.7799337476334,1,0.5829919576644897,-198.87138082814772,78.46364322928495,38026,38026
195,604.5251318014434,1,0.5839581489562988,-197.83840283052422,87.83533972280996,38107,38107
196,406.5026486844537,1,0.586445689201355,-199.84427798524194,80.18719025047459,38205,38205
197,606.0015726419451,1,0.587996244430542,-200.7089335792943,81.84380892703408,38281,38281
198,374.48492863502725,1,0.5910093188285828,-203.05657023303914,78.17742955909586,38387,38387
199,609.4125231287933,1,0.595092236995697,-204.24598346179044,75.90585472010359,38466,38466
200,621.5956314840753,1,0.5983265042304993,-205.78088755421825,65.04858735319856,38543,38543
201,625.1386296775909,1,0.6015018224716187,-205.6064342699553,78.66773060748451,38619,38619
202,607.6353813352233,1,0.6070485711097717,-207.0567342397329,103.56566411095696,38693,38693
203,595.0685478025866,1,0.6092088222503662,-207.89684505462645,88.13806731700898,38773,38773
204,612.5929333445553,1,0.6112310290336609,-208.84014290257505,86.92501499778346,38849,38849
205,622.4167821950284,1,0.6137646436691284,-208.68453709083266,65.89371171782288,38928,38928
206,628.8420057835295,1,0.6164418458938599,-211.45975180233225,89.74905532949111,38996,38996
207,602.0465080372503,1,0.6189008951187134,-213.30550858781143,77.637801324999,39070,39070
208,626.9690624314915,1,0.6207579374313354,-214.69143999126595,98.22583238843461,39141,39141
209,616.586355989163,1,0.6241979002952576,-215.65769657618563,85.56723624215999,39212,39212
210,593.99387434601,1,0.6253000497817993,-216.4745517912365,77.46576581682477,39296,39296
211,611.5629011874483,1,0.6288073658943176,-215.9065466986762,69.28200636969672,39368,39368
212,587.3775792335724,1,0.6324096322059631,-218.732211905466,83.14977839295294,39439,39439
213,604.2564173837859,1,0.6368426084518433,-218.50387033602087,81.02820519703191,39521,39521
214,618.1429664987787,1,0.6405067443847656,-220.32204156172904,72.50388434058742,39597,39597
215,609.852078449768,1,0.6445042490959167,-221.66632385253905,65.54883575439453,39677,39677
216,606.2792700186827,1,0.6472963690757751,-222.76613278932209,74.68736834465703,39756,39756
217,621.3047607629287,1,0.6515541672706604,-224.99996551095623,78.2103352220091,39829,39829
218,623.4520223219238,1,0.6542937159538269,-223.659423828125,73.86897897029269,39898,39898
219,576.6207784247046,1,0.6585058569908142,-226.99568660084793,80.71358869133925,39980,39980
220,574.2124191936805,1,0.6612357497215271,-227.0598412031009,72.95018181977449,40061,40061
221,616.4163018381937,1,0.664124071598053,-227.01403346814607,76.88023263529728,40137,40137
222,610.4958660521014,1,0.667064368724823,-230.77774068196615,65.23560864766439,40212,40212
223,616.2086352734992,1,0.6699025630950928,-231.39650268554686,83.7118408203125,40287,40287
224,621.6667118115697,1,0.6734473705291748,-233.49230407714845,74.36296379089356,40362,40362
225,566.913344401855,1,0.6771551370620728,-233.4777293958162,56.66433156164069,40438,40438
226,606.3805346409364,1,0.681132972240448,-236.30050955878363,78.0294005341,40510,40510
227,627.560255308509,1,0.6841219067573547,-237.65445285373264,66.68391063478258,40582,40582
228,628.0330115183116,1,0.686428427696228,-238.13343003216912,75.08722089318668,40650,40650
229,511.26820248063854,1,0.6905900835990906,-239.02998570033483,59.08295363471622,40734,40734
230,615.4621760445061,1,0.6932040452957153,-239.03075087697883,51.37050666307148,40810,40810
231,610.362340016241,1,0.6964210867881775,-241.94371052792198,67.599524322309,40886,40886
232,607.5829672184127,1,0.6993281841278076,-243.00075459798177,69.5542239634196,40961,40961
233,626.9797556608315,1,0.7012587189674377,-244.03970272440307,75.42695048157599,41032,41032
234,618.3710297685939,1,0.7041995525360107,-246.2749916525448,52.87842279322007,41100,41100
235,534.4010477795928,1,0.7075749635696411,-246.36163856869652,69.45470596495129,41184,41184
236,600.1104637508265,1,0.710700511932373,-246.66456897442157,69.58747795300606,41262,41262
237,605.7027512790298,1,0.7124220132827759,-249.77704040527342,62.93302925109863,41337,41337
238,603.4156529144778,1,0.713527262210846,-250.18029360227948,54.36493702176251,41416,41416
239,627.656998472632,1,0.7146331071853638,-252.66479943503796,61.97904586791992,41487,41487
240,610.4391301712935,1,0.7170161008834839,-253.31518494455437,71.42171674025685,41563,41563
241,616.4388681963997,1,0.7186799049377441,-253.88523679166227,75.81383429346857,41637,41637
242,616.5161999277689,1,0.7213735580444336,-258.5772424646326,57.4798505886181,41711,41711
243,626.7926047028266,1,0.7246153950691223,-257.7348170750578,77.06643545123893,41782,41782
244,626.2176857236987,1,0.7262856364250183,-259.8434739363821,50.036144281688486,41858,41858
245,616.0518099900596,1,0.7286449670791626,-260.5035827636719,59.325535685221354,41933,41933
246,627.763545238603,1,0.7299810647964478,-262.18666158040367,59.915380859375,42008,42008
247,600.2050103600867,1,0.7299515604972839,-263.18425515981824,68.53049349173521,42086,42086
248,628.4204491952937,1,0.7295392751693726,-262.7436939184216,83.43140928296076,42155,42155
249,611.4311146419417,1,0.7294421195983887,-264.82232235179225,58.33429334303912,42240,42240
250,627.3397965833663,1,0.7300118207931519,-264.52837139627206,78.7427661177041,42309,42309
251,621.9876630636212,1,0.730561375617981,-267.8943909539117,71.27561322848003,42381,42381
252,627.8088428093042,1,0.7307816743850708,-268.83500007961106,52.639879751896515,42450,42450
253,626.304865071792,1,0.7299208641052246,-269.2984111183568,68.73930444215473,42526,42526
254,626.4532937454474,1,0.7307899594306946,-271.0734733072917,76.94081278483073,42601,42601
255,627.5742188817887,1,0.7309162020683289,-273.57535284337865,52.23901998493034,42672,42672
256,601.0317881423626,1,0.7298933863639832,-272.5484761689839,73.22932991228606,42748,42748
257,607.299023214808,1,0.7295697331428528,-275.23681515210296,59.21474294793116,42821,42821
258,606.0508345974625,1,0.7271576523780823,-274.7787314860026,59.82258572896322,42896,42896
259,612.5467124240456,1,0.7253192663192749,-277.29358072916665,53.425931777954105,42971,42971
260,628.0843487718256,1,0.7234224081039429,-277.78501489427356,62.384524318907,43043,43043
261,621.9542302486277,1,0.7203271389007568,-279.43302608180693,51.730390445606126,43117,43117
262,589.7555022217417,1,0.7182736396789551,-281.5758960579015,50.517377225658564,43196,43196
263,621.3441172082125,1,0.7164431810379028,-280.83002210643195,53.111652269755325,43269,43269
264,627.1941029454024,1,0.7147321701049805,-282.7996720208062,55.23585420184665,43341,43341
265,611.0248658186377,1,0.7118741273880005,-283.2274229371703,61.81777565200608,43418,43418
266,627.2272392588839,1,0.7089576125144958,-283.5822406344944,52.42424456278483,43490,43490
267,627.3866606928663,1,0.7055473327636719,-283.6288693076686,64.63647255144622,43566,43566
268,615.7496674844685,1,0.7001792192459106,-285.91744166244695,72.39383673962251,43647,43647
269,596.191167708036,1,0.6959087252616882,-286.9536468505859,55.75770943164825,43727,43727
270,580.3176035431693,1,0.6919154524803162,-287.71704473728084,54.8588156351229,43809,43809
271,626.4389130907382,1,0.6879404187202454,-287.74144182707136,56.36972030840422,43885,43885
272,617.7401410823273,1,0.6851495504379272,-287.82456614873183,50.29567459838031,43958,43958
273,577.6864854721638,1,0.6812784671783447,-289.7764375860041,65.79206636818972,44046,44046
274,620.856082211121,1,0.6772569417953491,-290.69630769011263,43.65697513927113,44123,44123
275,621.0929370579626,1,0.6740530133247375,-290.3096101888021,41.76991895039876,44198,44198
276,626.9989383891937,1,0.6715198159217834,-289.79348424963047,58.00108561644683,44272,44272
277,616.7045610973942,1,0.6671285033226013,-292.01915433809353,61.9372642814339,44349,44349
278,621.669719126975,1,0.6635057926177979,-292.5888414259081,43.621497253318886,44426,44426
279,626.9217184576187,1,0.6605933308601379,-293.1261015591556,46.50953747474984,44499,44499
280,604.8940910063603,1,0.6570963263511658,-292.8007739103293,41.402326463144036,44578,44578
281,616.8683653769493,1,0.6537031531333923,-294.0582731064052,43.65659116718867,44651,44651
282,616.4370981472669,1,0.649940550327301,-294.70517650403474,49.83190743546737,44727,44727
283,628.003460706769,1,0.6472148299217224,-296.0463106338292,41.74226196498087,44800,44800
284,625.1159056002438,1,0.6438104510307312,-296.55757771809897,61.11807991027832,44875,44875
285,627.5172454373896,1,0.6404081583023071,-295.002680460612,52.752450704574585,44947,44947
286,614.3457951303415,1,0.6372119188308716,-296.0827968267747,49.218457057152264,45028,45028
287,621.3099432762745,1,0.6344169974327087,-296.07172703098604,30.553667738630963,45102,45102
288,617.2119707192167,1,0.6325291395187378,-296.9141891067093,46.68377872415491,45176,45176
289,627.174107343114,1,0.6304385662078857,-297.08489001636775,35.02062003713259,45247,45247
290,628.5351943640403,1,0.6276036500930786,-298.2623977661133,60.03595317734612,45319,45319
291,585.7945600344092,1,0.6252440214157104,-297.821207021738,36.7452294238202,45396,45396
292,627.6142140233515,1,0.622384786605835,-299.292207047746,27.257710147548366,45470,45470
293,611.5306798978601,1,0.6184889674186707,-298.3926542207792,38.557127618170405,45547,45547
294,627.3824947898033,1,0.6159806847572327,-299.5511957804362,36.447578483157685,45619,45619
295,626.5429522574832,1,0.614198625087738,-299.7074422200521,36.78938882191976,45694,45694
296,616.5614226045301,1,0.6122499704360962,-299.8554821275685,31.277793126563502,45767,45767
297,586.8718723500073,1,0.6105384826660156,-300.87423824954345,40.13493041249065,45844,45844
298,627.7794810367506,1,0.6077069640159607,-299.1063064790108,37.95361297231325,45915,45915
299,605.7843523733475,1,0.6052948832511902,-299.9318333675987,47.054983013554626,45991,45991
300,627.7975176975957,1,0.604503333568573,-300.77756679759307,44.67685319395626,46059,46059
301,616.9207384070241,1,0.6038607954978943,-302.79208002863703,38.341031113186396,46133,46133
302,628.144681029776,1,0.6015179753303528,-299.7535475639448,44.6870013851009,46206,46206
303,621.3637159185834,1,0.5989542603492737,-302.7359059007862,33.61093562162375,46285,46285
304,617.1549419252397,1,0.5970321297645569,-303.66879823472766,47.59478798177507,46357,46357
305,616.4646521985868,1,0.5950261354446411,-303.815040989926,42.4806311757941,46433,46433
306,620.8459317075082,1,0.5927988290786743,-302.2203297800832,42.9183221049123,46510,46510
307,627.1295193202169,1,0.5911888480186462,-303.5485764594927,41.20161444520297,46583,46583
308,616.6599815673388,1,0.5898893475532532,-304.1490646147392,32.909440255500904,46654,46654
309,612.0108059565437,1,0.5894396901130676,-304.2233581542969,34.37304076595583,46723,46723
310,621.4861756013255,1,0.5893004536628723,-307.0050154791938,27.59379556443956,46795,46795
311,622.4840317834605,1,0.5872799754142761,-304.17290131033286,32.39822389001716,46868,46868
312,616.8741941944256,1,0.586213231086731,-303.88751261943094,35.22696563359853,46942,46942
313,617.0908270275706,1,0.5840821266174316,-304.5630352948163,36.3670927769429,47016,47016
314,626.756297487829,1,0.5835455060005188,-306.9283000247579,41.78161132167762,47087,47087
315,627.5122928716162,1,0.583190381526947,-306.4914143880208,34.3885039223565,47159,47159
316,627.5300237887111,1,0.5818808078765869,-307.10791386784734,40.8688589560019,47233,47233
317,627.56405017439,1,0.5807136297225952,-306.79509632007495,27.176149265186208,47307,47307
318,626.5980524290984,1,0.5791211128234863,-305.69229251391266,47.228985250812684,47380,47380
319,627.2170485990429,1,0.5782149434089661,-305.89891815185547,44.98092552026113,47452,47452
320,627.2692731512841,1,0.5771026611328125,-308.5409749348958,46.48551335599687,47524,47524
321,627.1172070652473,1,0.575988233089447,-307.2652685377333,44.37449832757314,47596,47596
322,618.1356337270342,1,0.5757320523262024,-307.9528839111328,30.37119080679757,47666,47666
323,628.9224861524156,1,0.5749514698982239,-307.8393029106988,35.11791874302758,47738,47738
324,617.3327922708264,1,0.5729721188545227,-309.0394786487926,31.578761980131073,47815,47815
325,628.0184002753681,1,0.5717109441757202,-309.22013833489217,34.48656916282546,47886,47886
326,628.0554736313184,1,0.5704120397567749,-310.0391097807548,36.11471792677759,47957,47957
327,617.8682923014362,1,0.5694998502731323,-308.70705131635276,28.391534530953184,48030,48030
328,627.821957855856,1,0.5689670443534851,-309.5446637834821,32.414608533041815,48100,48100
329,626.4686940793183,1,0.5677615404129028,-311.4900412308542,45.33306700304935,48176,48176
330,628.0302936806039,1,0.5668609738349915,-310.031738699299,26.752905584361454,48249,48249
331,622.3539197865505,1,0.5660367012023926,-311.2796171005458,39.161432122531004,48322,48322
332,618.3475069296376,1,0.5653034448623657,-310.92990510360056,42.755720262942106,48391,48391
333,621.8410104670313,1,0.5644778609275818,-309.9147012200154,27.780659044292612,48462,48462
334,627.976195873401,1,0.5638760924339294,-313.5649934150803,34.408680002454304,48533,48533
335,627.9111963348481,1,0.5647873878479004,-312.2852839080381,30.600875129162425,48604,48604
336,628.4056705391891,1,0.564380943775177,-313.80151632557744,34.22002477231233,48673,48673
337,621.7602109222987,1,0.5643836855888367,-312.54660678917253,21.615235610747,48744,48744
338,627.4165163696566,1,0.5638973116874695,-312.2309718540737,25.367092527662006,48814,48814
339,626.6459320134621,1,0.5637490749359131,-313.92249566736353,35.64577372644989,48885,48885
340,626.8046493852445,1,0.5632073283195496,-312.81651410664597,38.204635437220745,48958,48958
341,617.828568780728,1,0.5638176798820496,-314.0400850537797,35.79323368341151,49029,49029
342,627.8872907278962,1,0.5628167390823364,-313.4724233966984,36.88624521804182,49102,49102
343,629.3106341057363,1,0.5621217489242554,-314.3297240313362,41.57426658798666,49170,49170
344,623.0203197292054,1,0.5614345669746399,-312.1656890869141,41.63296749932425,49240,49240
345,622.0821411420093,1,0.5617310404777527,-312.9483603893871,31.684403043397715,49311,49311
346,619.0601978643767,1,0.5617720484733582,-316.2572498590174,28.0494157495633,49382,49382
347,627.8128943853173,1,0.561668872833252,-318.1033457880435,31.649067077083863,49451,49451
348,627.6416604960156,1,0.5626928806304932,-316.09386670911636,35.766805055979134,49525,49525
349,629.6161382092454,1,0.5636312961578369,-314.31700224034927,20.331807795692892,49593,49593
350,627.6827245191926,1,0.5644316673278809,-315.9824975055197,20.770539850428484,49662,49662
351,628.50160672586,1,0.5651955604553223,-316.8012725830078,29.241774313790458,49732,49732
352,617.6831189663509,1,0.5654276609420776,-316.59867794412963,27.068511801706233,49803,49803
353,616.4402368581958,1,0.5652074217796326,-315.3815786000845,32.80373109353555,49877,49877
354,627.5373478928668,1,0.565116822719574,-316.506601682851,30.300098150548802,49948,49948
355,627.3938036953716,1,0.564276933670044,-317.20829443029453,37.99208156482594,50022,50022
356,621.7509801217448,1,0.5640192031860352,-317.8262543549409,31.520749891126478,50096,50096
357,627.2109960147878,1,0.5640799403190613,-319.76056031923036,29.71060732248667,50170,50170
358,627.1410019161019,1,0.5642868876457214,-318.6002980107846,31.980804457180742,50239,50239
359,621.6453992915714,1,0.5641859173774719,-319.33096519676417,38.387762482101856,50313,50313
360,626.9465236334695,1,0.5636351108551025,-318.5039146109803,37.165533699401436,50386,50386
361,627.8564173933377,1,0.5631505846977234,-320.9138222830636,34.011858872004915,50456,50456
362,627.3387973180164,1,0.5640145540237427,-317.69491448200927,21.74694740940148,50527,50527
363,601.7118838869239,1,0.563068151473999,-318.1658081827284,31.478453382661073,50606,50606
364,617.097204369584,1,0.5643174052238464,-318.78942376214104,25.589328469456852,50680,50680
365,628.3532436441149,1,0.5642156004905701,-319.07031631469727,19.278271694978077,50752,50752
366,627.4203727118659,1,0.564251720905304,-321.2598767961775,34.30419549942017,50822,50822
367,627.2564361126196,1,0.5640010237693787,-321.26786309900416,30.645262677904586,50893,50893
368,617.7894972925076,1,0.564349353313446,-321.29798634847003,33.99667939874861,50965,50965
369,618.0819363993284,1,0.5647827982902527,-323.4067941585057,20.851539034239003,51036,51036
370,628.2678494863779,1,0.5647727251052856,-319.8949753028759,30.805208206176758,51105,51105
371,607.693398849889,1,0.5653082132339478,-323.6671237430057,30.56681324984576,51179,51179
372,628.8428491020705,1,0.5654138326644897,-321.04366280691966,32.05376945223127,51249,51249
373,627.7037159637124,1,0.5652601718902588,-322.3003458372304,22.00545219636299,51320,51320
374,629.0998074518109,1,0.5651884078979492,-321.4555408253389,22.67211852354162,51388,51388
375,605.7860583737572,1,0.5648803114891052,-322.68646741893195,37.14247761033986,51461,51461
376,628.4829923843821,1,0.5646154880523682,-322.7396735592165,28.42257027004076,51530,51530
377,627.270417118056,1,0.5648514628410339,-324.42294569418465,34.90929791625117,51601,51601
378,626.4532099023968,1,0.5642315745353699,-323.80997993576693,33.642411299154794,51672,51672
379,627.232856477593,1,0.5642918944358826,-323.87441635131836,25.919135530789692,51744,51744
380,628.5958397447952,1,0.5635203719139099,-322.5872541786968,25.08678346440412,51813,51813
381,628.8334962718405,1,0.5623061656951904,-322.31395043267145,20.181514528062607,51885,51885
382,627.1344584219933,1,0.5624256730079651,-323.3352122836643,20.710545155737137,51957,51957
383,627.6399702978723,1,0.5618699193000793,-324.16171975331764,20.585354896440897,52030,52030
384,624.1803985363539,1,0.5616726279258728,-324.1547661380491,27.788652281830277,52099,52099
385,610.5936440974724,1,0.5613800287246704,-325.768583984375,16.715777333577474,52174,52174
386,623.0273769363342,1,0.560739278793335,-324.3422696825484,27.846620841765066,52245,52245
387,627.4965507824593,1,0.5606878399848938,-326.3339972697513,22.15031740699016,52316,52316
388,622.764009068188,1,0.5603025555610657,-325.14577187432184,19.561908960342407,52388,52388
389,628.7663428959628,1,0.5611035823822021,-324.9451515087183,27.474587191706117,52457,52457
390,617.5863162784467,1,0.560764729976654,-326.24392827351886,34.74559662077162,52529,52529
391,628.243102490854,1,0.5601207613945007,-326.06308542170996,46.00639593097526,52600,52600
392,628.2593753738295,1,0.5598416328430176,-327.45418082343207,19.914142039087082,52672,52672
393,628.1017876214361,1,0.5594306588172913,-326.2425121731228,23.934733443790012,52744,52744
394,628.1501878025456,1,0.5588026642799377,-327.25975908551897,24.344126769474574,52814,52814
395,626.5423306349265,1,0.559005618095398,-328.3574155171712,24.128967033492195,52886,52886
396,623.3957569128248,1,0.5590699911117554,-325.93124434527226,26.84248453028062,52954,52954
397,628.6513232114769,1,0.5579032301902771,-328.31092019277077,20.19654089783969,53027,53027
398,627.6019878787225,1,0.5564775466918945,-327.66627337481526,23.99623509999868,53101,53101
399,626.7861656961206,1,0.5555732846260071,-328.1522990481954,24.913465123781016,53172,53172
400,623.3182427709075,1,0.5554694533348083,-329.5469242640904,21.00929753439767,53242,53242
401,617.2564655700317,1,0.5545913577079773,-329.7540413411458,25.627142944335937,53317,53317
402,627.8989630436649,1,0.554033100605011,-329.01233941736353,23.784613676474127,53388,53388
403,627.6222525311096,1,0.5540252327919006,-328.78156897139877,22.26552765989957,53461,53461
404,626.9644901774213,1,0.5547120571136475,-328.35726722511083,29.623198238579004,53535,53535
405,627.2465924422769,1,0.5552092790603638,-329.8381628088049,22.86526123253075,53609,53609
406,627.7948791243759,1,0.5551352500915527,-328.8177070617676,21.245038164986504,53681,53681
407,626.9095803465996,1,0.5559003949165344,-329.72364106049406,24.99553904662261,53755,53755
408,628.2194616278422,1,0.5559224486351013,-329.7695254764041,23.477388717032767,53829,53829
409,628.0461428681749,1,0.5563865900039673,-330.4828643798828,23.86056649344308,53899,53899
410,627.9015749192233,1,0.5563468933105469,-331.6630694071452,23.672654006216263,53971,53971
411,627.4260094546513,1,0.5561928153038025,-329.604254828559,21.446453796492683,54043,54043
412,628.6457558151449,1,0.5551456809043884,-330.66352607834506,19.364642102953415,54114,54114
413,596.9551972242728,1,0.555363118648529,-329.6331725249419,21.120231035593395,54188,54188
414,629.2594751257502,1,0.5552008748054504,-331.9518670474782,21.378345209009506,54256,54256
415,628.2182522535469,1,0.5563939809799194,-330.44192547865316,17.76432617617325,54327,54327
416,616.7689056754656,1,0.5561308860778809,-331.263048326647,20.392895840309762,54401,54401
417,628.3963286892298,1,0.5546337366104126,-332.5652403900589,19.311705188474793,54470,54470
418,627.9486921729449,1,0.555858314037323,-332.142515818278,18.806069758203293,54542,54542
419,628.6372083525814,1,0.5556262731552124,-331.06731017206755,18.52139678471525,54613,54613
420,627.3867896608679,1,0.5561543703079224,-333.56210713990976,18.01177778378339,54684,54684
421,617.463100364515,1,0.5548380613327026,-332.69217398507254,23.28373169217791,54754,54754
422,626.9405950192306,1,0.5544898509979248,-332.39428083863976,29.271874244898967,54827,54827
423,627.5791831648783,1,0.5530786514282227,-331.27845764160156,26.78338862827846,54897,54897
424,627.7680917501231,1,0.5529479384422302,-330.89482095207967,17.84331073223705,54968,54968
425,627.8714160471112,1,0.5517056584358215,-335.84760406051856,18.402474258256994,55037,55037
426,627.196231548107,1,0.5507243275642395,-333.7309141416807,19.459118224479056,55111,55111
427,628.5562787643712,1,0.5517067313194275,-334.83597553640175,19.878220737844273,55180,55180
428,627.91725382072,1,0.5511783361434937,-333.50623007381665,19.08163265620961,55248,55248
429,622.304516187202,1,0.5506201982498169,-332.515625,18.199008597267998,55320,55320
430,628.0787890276973,1,0.5520740151405334,-335.2905803256565,22.453128655751545,55392,55392
431,627.9796544031906,1,0.5517067909240723,-333.5155992780413,16.63324358803885,55462,55462
432,628.7316580177007,1,0.5520214438438416,-334.4101338106043,24.105889923432294,55530,55530
433,628.7415376177471,1,0.5522967576980591,-333.5056767250175,24.77009232364484,55597,55597
434,628.3803364700207,1,0.5523444414138794,-334.8398895263672,20.032219845908028,55667,55667
435,627.7364748648906,1,0.5516956448554993,-333.11854553222656,22.59576587677002,55737,55737
436,628.6974462023643,1,0.5512256026268005,-335.55909234705103,20.29196388620726,55808,55808
437,629.3626681327077,1,0.5504074096679688,-334.6248506488222,17.749324798583984,55874,55874
438,623.0043936151048,1,0.5506221055984497,-335.6547275119358,18.571086671617294,55946,55946
439,628.3926451243891,1,0.5503063797950745,-335.01427568708147,20.014902659824916,56016,56016
440,627.6316406068488,1,0.5497002005577087,-335.00626948108413,21.06563538721163,56089,56089
441,629.5081767683193,1,0.5503793954849243,-337.007461085464,23.11660639444987,56155,56155
442,625.8908854463463,1,0.5506896376609802,-336.9824246858296,17.988130858069972,56231,56231
443,618.1063195334955,1,0.5502455830574036,-335.8499337332589,22.148749937329974,56301,56301
444,627.8270004577447,1,0.5501142144203186,-335.82813459123884,19.844255815233502,56371,56371
445,628.5087287702952,1,0.5495260953903198,-334.86479510683,17.797765363346446,56437,56437
446,626.3416689038502,1,0.548244059085846,-336.6067810058594,26.709560142623054,56509,56509
447,628.7377591354852,1,0.5486485362052917,-337.73877080281574,20.202533801396687,56581,56581
448,622.3743602709528,1,0.549193263053894,-337.57436673935143,19.725347799797582,56654,56654
449,629.0756226940673,1,0.5500050783157349,-336.5325494296309,17.548891578895457,56723,56723
450,628.1466524177733,1,0.5505831837654114,-338.2445614237181,24.799090331708882,56794,56794
451,628.746948521932,1,0.5512104034423828,-337.9549361519192,23.22553981559864,56863,56863
452,630.2431567163453,1,0.551823079586029,-336.10400211109834,18.409111135146198,56931,56931
453,628.6127752040129,1,0.5531258583068848,-338.08533811569214,17.094684325158596,56995,56995
454,628.1600057195114,1,0.5535954236984253,-338.34754750426384,18.49573045381358,57066,57066
455,629.5512595917587,1,0.5540373921394348,-338.5758370926131,21.838676352999105,57133,57133
456,629.602177904857,1,0.5537813305854797,-339.3354334975734,26.838877403374873,57199,57199
457,617.3771852152179,1,0.5532715320587158,-337.994083404541,18.133205890655518,57271,57271
458,623.0042009256115,1,0.5536547303199768,-336.9551192389594,22.762654900550842,57343,57343
459,623.2497805983322,1,0.5531405210494995,-339.1563474867079,22.22890199555291,57415,57415
460,628.1354894801566,1,0.5541816353797913,-339.66632301219994,18.10038103573564,57484,57484
461,627.7006011335384,1,0.5537614226341248,-340.0273424421038,22.222255488804407,57554,57554
462,623.5123426190382,1,0.5538855195045471,-341.3937436272116,20.42242954759037,57622,57622
463,628.4415309447234,1,0.5543630719184875,-340.41910356794085,20.489713764190675,57692,57692
464,627.7942797999476,1,0.5550700426101685,-339.4314320882161,16.063563730981613,57764,57764
465,628.7469274928694,1,0.5543062090873718,-339.71040138038427,19.923904676695127,57838,57838
466,628.0871866017102,1,0.5539417862892151,-340.3568600936675,23.87102043796593,57909,57909
467,622.8585236536221,1,0.5547302961349487,-341.59528067452567,17.132439749581472,57979,57979
468,626.3783588935498,1,0.5545377731323242,-340.12510172526044,17.454857720269096,58051,58051
469,623.8882650386324,1,0.5535244941711426,-340.51000159894915,22.064629501020406,58122,58122
470,622.3452106924049,1,0.5536432266235352,-342.31836281360034,16.623757160885233,58193,58193
471,628.2839105474175,1,0.5531306862831116,-341.1937713623047,22.797372986288632,58261,58261
472,623.7260173670153,1,0.5533133745193481,-341.91850460276885,20.25451691010419,58329,58329
473,623.4677508451127,1,0.5519723892211914,-342.04238574535816,19.084696757328974,58406,58406
474,622.1029046836817,1,0.5515586733818054,-342.5172517564562,18.206738650798798,58478,58478
475,627.5091641043646,1,0.551920473575592,-340.9630180027174,16.803915756336156,58547,58547
476,617.4774233590123,1,0.5516576170921326,-343.12655596665934,21.78999137878418,58618,58618
477,628.8765228075451,1,0.5520219802856445,-339.9152792225713,18.251370374707207,58687,58687
478,628.1256056534785,1,0.5524578094482422,-341.8108402797154,17.671943623679024,58757,58757
479,626.2157459607765,1,0.5518473982810974,-342.7309261121248,20.24565305207905,58833,58833
480,626.9968897767837,1,0.5511813163757324,-342.9135288547825,16.88260791108415,58907,58907
481,623.3046502765608,1,0.551156759262085,-342.9742603570643,15.141049814895846,58978,58978
482,628.4320451519148,1,0.5505319237709045,-343.2025830950056,21.590187208993093,59048,59048
483,624.2274267735139,1,0.551236629486084,-342.56051347062396,23.023045707393337,59122,59122
484,628.1486276137746,1,0.5516724586486816,-342.85543082101003,19.35517292703901,59192,59192
485,627.6626613974508,1,0.552850604057312,-344.40790212970893,18.94356276891003,59265,59265
486,628.3726878713578,1,0.5525550842285156,-344.4386604927682,16.040124783644806,59339,59339
487,621.8446745832612,1,0.5509921312332153,-343.775521768106,20.371807936075573,59413,59413
488,629.345197074588,1,0.5505014657974243,-344.7191312485847,18.1458973262621,59482,59482
489,626.85744579259,1,0.5510643124580383,-345.13565848214284,18.09498139790126,59552,59552
490,628.2214867280942,1,0.5506837368011475,-341.6526157545007,20.587330168572024,59621,59621
491,628.6967995068096,1,0.5503616333007812,-345.3684228171765,17.70781268536205,59692,59692
492,628.2508054773948,1,0.5515729188919067,-344.26713741526885,30.661246047300452,59760,59760
493,628.3623556632533,1,0.552697479724884,-344.09556987923634,18.89262760860819,59831,59831
494,628.4508031397986,1,0.5515538454055786,-344.8534461864527,22.382986303688824,59900,59900
495,627.117408543679,1,0.5509016513824463,-346.4817225496534,18.867251234994807,59971,59971
496,628.524579260366,1,0.5497310757637024,-346.4575761435688,18.215560180553492,60040,60040
497,627.5585696334206,1,0.550720751285553,-346.50824148995537,16.860843447276523,60110,60110
498,617.3705740597068,1,0.5520798563957214,-345.1399871826172,22.524897902352468,60180,60180
499,627.50323211722,1,0.553016185760498,-345.5202459805254,20.057211696237758,60249,60249
500,628.0140553035034,1,0.5536515712738037,-346.1250526317652,17.940507170082867,60318,60318
501,627.5409076351248,1,0.5532011985778809,-345.88180182961855,17.54790736647213,60386,60386
502,627.7221721411449,1,0.5531383156776428,-346.3052301821501,22.40251076048699,60455,60455
503,622.0089520937981,1,0.5538420081138611,-345.27404349190846,19.397901371547153,60525,60525
504,627.0350702931008,1,0.5545984506607056,-346.35178036159937,25.192876868777805,60597,60597
505,628.1430966193258,1,0.5549589395523071,-346.069327218192,15.015489455631801,60667,60667
506,628.1674690459595,1,0.5558286905288696,-346.1333627139821,16.254111226867227,60735,60735
507,626.9577950655638,1,0.5553644299507141,-347.3633047567831,17.20915921958717,60809,60809
508,628.236215310409,1,0.5550359487533569,-347.4896278918629,22.248221343671773,60880,60880
509,612.3385418826452,1,0.5554745197296143,-347.3368790085251,17.799230755986393,60954,60954
510,627.9375314255416,1,0.5551917552947998,-347.31029468112524,19.632438527213203,61026,61026
511,628.7287609350955,1,0.5546997785568237,-346.89171106675093,15.874747823266421,61094,61094
512,628.8002948114321,1,0.5550282001495361,-346.78074933480525,15.604367076486781,61163,61163
513,628.4827570897937,1,0.553587019443512,-348.3260945064921,19.098178803081243,61234,61234
514,627.8638809050967,1,0.5537909865379333,-348.260705896326,16.78523340096345,61308,61308
515,622.7663789425369,1,0.5547580718994141,-347.86169857449,18.73896182907952,61380,61380
516,628.0102248736769,1,0.5545130372047424,-348.0733388981349,18.60204311155937,61451,61451
517,627.8854514559815,1,0.5531657338142395,-347.50898699079244,19.687538705553326,61521,61521
518,625.6515495364084,1,0.5531888008117676,-348.6091778729413,16.26912409550435,61595,61595
519,627.3554126341379,1,0.552983283996582,-348.1921039738067,17.82807422010866,61668,61668
520,628.4015856637038,1,0.5529816746711731,-349.64522821762984,14.098608507829553,61736,61736
521,627.397208126413,1,0.5537257790565491,-349.03518545968194,14.144184412275042,61806,61806
522,627.5879830348612,1,0.5530766844749451,-347.69119655064173,17.927845198767525,61876,61876
523,627.7549537294243,1,0.5520434975624084,-349.1798594300176,15.245781267193001,61947,61947
524,611.578319370669,1,0.5532359480857849,-349.40636444091797,14.719318442874485,62019,62019
525,623.7667401741421,1,0.5523906946182251,-349.55733904157364,15.075319739750453,62089,62089
526,606.7229838196947,1,0.5514146089553833,-351.118465750558,15.092155776705061,62159,62159
527,621.7626941095061,1,0.5521954894065857,-350.11875183941567,15.909144793471246,62232,62232
528,628.9568295541513,1,0.5516632795333862,-350.4919007245232,18.40733516917509,62300,62300
529,628.6876033280016,1,0.5513457655906677,-348.97403440613675,14.82499457096708,62369,62369
530,627.0263225498306,1,0.5511391758918762,-349.2861280168806,18.11371844155448,62439,62439
531,628.0175450403501,1,0.5509030222892761,-350.709115518106,16.742196050850122,62513,62513
532,628.0718249410991,1,0.5504494905471802,-350.5989113391285,14.878291546458929,62584,62584
533,627.5987371186064,1,0.5498954653739929,-350.2565447126116,14.916186141967774,62654,62654
534,627.4204413221153,1,0.5489583611488342,-350.98154773450875,16.096018660558414,62727,62727
535,618.9149378280312,1,0.549694836139679,-351.51562151227677,18.339822469438825,62797,62797
536,629.0916699284378,1,0.5500339269638062,-348.84789862149006,17.17592688574307,62866,62866
537,622.8619337511063,1,0.5501892566680908,-351.28406058417426,13.984693513976204,62938,62938
538,622.0540677035559,1,0.550745964050293,-351.010199977927,17.38984394726688,63011,63011
539,629.3265825320658,1,0.5505255460739136,-351.3101388784555,16.68272176155677,63076,63076
540,617.8203755211996,1,0.550987184047699,-350.37185359346694,16.943135551784348,63145,63145
541,629.3362121307989,1,0.5509711503982544,-350.56683627041906,13.463028315341834,63211,63211
542,627.9908083708506,1,0.5515976548194885,-351.8012622242243,16.421752896107417,63282,63282
543,623.8185168186877,1,0.5523918271064758,-351.3471492222377,19.648158809116907,63352,63352
544,628.714329140252,1,0.5535365343093872,-350.79512657752406,16.2105861223661,63417,63417
545,628.003719202995,1,0.5542711615562439,-352.45203901018414,15.97150947025844,63487,63487
546,627.4762786023555,1,0.5554593205451965,-351.2520189787212,15.232034482453999,63563,63563
547,628.1683494562055,1,0.55570387840271,-352.24887720743817,13.821513175964355,63635,63635
548,629.0733708743742,1,0.5551791787147522,-353.8999189897017,16.11826060035012,63701,63701
549,629.2175285803223,1,0.5552444458007812,-352.87400795756906,19.94978590288024,63770,63770
550,628.3269164089128,1,0.5556658506393433,-351.9441909790039,16.14025044441223,63842,63842
551,627.8956314019409,1,0.5552706718444824,-351.6425467477718,13.94148130819831,63913,63913
552,627.5988863834777,1,0.5556658506393433,-353.0516152577857,16.664014953456512,63986,63986
553,628.0030571153886,1,0.5550618767738342,-352.1386090446921,16.91898975652807,64054,64054
554,618.4479228163784,1,0.555118203163147,-353.3959725516183,14.902680097307478,64124,64124
555,628.0607887201177,1,0.554023265838623,-351.6709277009311,17.21567207493194,64197,64197
556,627.2666727236469,1,0.553952157497406,-353.3001653107119,15.045107700455358,64268,64268
557,627.63607118701,1,0.5544219613075256,-354.1610511330997,18.327024852528293,64336,64336
558,629.1117597604948,1,0.5543681979179382,-352.86724808636836,16.040703605203067,64404,64404
559,628.6072062310864,1,0.5540168285369873,-354.68410945284194,17.032044894453406,64473,64473
560,627.926291768905,1,0.5544399619102478,-352.8839433696908,14.849766596941882,64544,64544
561,628.8812616696779,1,0.5545023083686829,-352.65920017787386,16.560671302250455,64614,64614
562,623.8695626308447,1,0.5550188422203064,-352.94291930267775,16.434427752011064,64683,64683
563,628.2230037101156,1,0.5547399520874023,-353.0236161826313,17.121356197025467,64752,64752
564,617.373981666018,1,0.5550491213798523,-355.35412385728625,15.100960519578722,64824,64824
565,628.5411576409449,1,0.5546073317527771,-354.3773480843807,15.433671951293945,64893,64893
566,626.7295617142958,1,0.5540571808815002,-354.9893943385074,16.568296846590545,64969,64969
567,628.7160553239727,1,0.5528743863105774,-354.41023143823594,14.135119597117106,65038,65038
568,629.492231213952,1,0.5534188151359558,-354.71456555352694,14.670174736907517,65107,65107
569,628.7786729704555,1,0.5536538362503052,-353.73613440472144,16.78672230761984,65176,65176
570,627.8914442906095,1,0.5538378357887268,-354.7318352593316,17.01808871825536,65248,65248
571,627.0270887310187,1,0.5527982115745544,-353.5976018490999,17.312084032141644,65317,65317
572,618.324961042846,1,0.552631139755249,-355.23752696478545,16.98283228233679,65384,65384
573,627.1488895926076,1,0.5531919002532959,-356.1610382080078,15.398679958071028,65454,65454
574,628.4941472240943,1,0.5539227724075317,-354.89402909712356,18.764301480668962,65520,65520
575,628.2535231106863,1,0.5529985427856445,-355.4667313519646,15.652987893889932,65588,65588
576,628.4283103398719,1,0.5534372329711914,-357.0460244315011,13.153704949787684,65658,65658
577,628.3683054249916,1,0.553240180015564,-355.24310523876244,18.323616221331168,65727,65727
578,622.3186388567768,1,0.5531842112541199,-355.8832877604167,16.520482279459635,65802,65802
579,626.9420270452699,1,0.5540036559104919,-354.27769552694787,13.80526883537705,65876,65876
580,627.8931018625389,1,0.5548028349876404,-356.6789422518965,14.929049408954123,65945,65945
581,628.8987263172037,1,0.555351197719574,-354.6774975414007,15.131399080786906,66016,66016
582,627.5406589609933,1,0.554395318031311,-355.89833740234377,18.640819180806478,66091,66091
583,628.3609697157196,1,0.5545626282691956,-355.0361739264594,17.256858494546677,66163,66163
584,628.3372132637454,1,0.5538386106491089,-355.7215408952269,16.584388876614504,66236,66236
585,627.7361208183777,1,0.5536545515060425,-357.05180146959094,14.70563147465388,66308,66308
586,627.8163512643785,1,0.5540944337844849,-357.00435326804575,13.004784758661835,66379,66379
587,626.1576252738962,1,0.5536125898361206,-356.53735763962203,14.778201302966556,66453,66453
588,623.1609152259779,1,0.5539519190788269,-356.98107953138754,15.523530946650975,66524,66524
589,623.1898042939215,1,0.554155707359314,-356.89480725456684,13.78009216224446,66592,66592
590,629.0392340640637,1,0.5531184673309326,-357.0528861151801,17.491177823808457,66664,66664
591,629.4672246502636,1,0.5524909496307373,-358.1673775288596,15.871243612090154,66731,66731
592,628.8554531347369,1,0.5528672337532043,-357.2787541928499,13.721193230670432,66800,66800
593,628.8201294434805,1,0.553026556968689,-357.9877000696519,16.875516954590292,66868,66868
594,628.5536058759534,1,0.5536815524101257,-356.9011743333605,14.205036812358433,66940,66940
595,628.2986197398831,1,0.5530163049697876,-358.4795427594866,14.900336054393224,67010,67010
596,626.1684402523085,1,0.5521475076675415,-356.59513792273117,17.044434357995858,67083,67083
597,628.4134057640226,1,0.551669180393219,-357.03576933447994,16.406494119274083,67150,67150
598,607.6956790733811,1,0.5513880252838135,-359.3020959472656,13.966653887430827,67225,67225
599,628.666688321354,1,0.5519917011260986,-358.2537891962757,16.197588411096024,67298,67298
600,628.7032684177307,1,0.551540732383728,-359.02560159434444,13.656147362529367,67367,67367
601,626.6285546707591,1,0.5508239269256592,-358.34521690574854,14.104992892291095,67441,67441
602,622.9143445377299,1,0.5507157444953918,-360.44621573554144,12.302919533517626,67513,67513
603,627.4265611648113,1,0.5500425696372986,-358.7131207784017,13.277240839269426,67585,67585
604,628.3257561227164,1,0.5511525273323059,-358.99209987095423,14.066987385068622,67655,67655
605,627.440477829662,1,0.550592303276062,-359.2381382533482,15.328883409500122,67725,67725
606,622.2260801090948,1,0.5489993095397949,-358.08507341657366,16.48540515899658,67795,67795
607,628.0526635058342,1,0.5482914447784424,-359.461145288804,14.314910937758054,67863,67863
608,627.6863820040944,1,0.5492263436317444,-359.12719232895796,17.437819943708533,67931,67931
609,626.9681791214488,1,0.5484400391578674,-357.5005626409826,15.085211679969035,68002,68002
610,623.3797269844513,1,0.5488141775131226,-359.1914419991629,14.7415367603302,68072,68072
611,621.1594310657342,1,0.5482138991355896,-358.1305767738656,14.939783449042332,68145,68145
612,627.608059234469,1,0.5478919148445129,-359.61021118164064,16.95252146720886,68215,68215
613,628.7886622227214,1,0.5486341118812561,-360.2263475305894,15.994590464760275,68283,68283
614,627.2810491246537,1,0.5487359166145325,-360.64151960100446,15.80665123803275,68353,68353
615,628.2092884353899,1,0.5492997765541077,-360.6978689000226,15.079659931901572,68422,68422
616,622.7154176892956,1,0.5504494309425354,-360.23965883926604,16.43189966174918,68493,68493
617,617.9933148719442,1,0.5493491291999817,-359.7305891248915,13.035318493843079,68565,68565
618,628.8295163846938,1,0.5485864877700806,-360.9904099616451,15.069246444149293,68634,68634
619,627.2548187695911,1,0.5486403703689575,-361.12839037751496,16.41537435087439,68707,68707
620,627.5008678925756,1,0.549537718296051,-361.1915601647419,15.98756710688273,68776,68776
621,617.7495635873297,1,0.55039381980896,-359.05038186778194,13.255037183346955,68845,68845
622,629.1133214676868,1,0.551064133644104,-361.0450201595531,13.257282642757191,68913,68913
623,625.164879962695,1,0.5512498617172241,-360.12109295733563,16.579873171719637,68990,68990
624,626.9711572001768,1,0.551398515701294,-360.84604856703015,14.757398062282139,69062,69062
625,628.2349610568176,1,0.5510281324386597,-361.2842939104353,14.4472840990339,69132,69132
626,627.1438798620436,1,0.550146222114563,-362.26300746372766,15.452696561813354,69202,69202
627,627.330056314748,1,0.5491915345191956,-362.3494407035209,16.88324081575548,69276,69276
628,611.6768953228494,1,0.5484220385551453,-360.48430336846246,13.858309573597378,69348,69348
629,622.6272318851431,1,0.5488664507865906,-360.86553620638915,13.313052830630786,69421,69421
630,608.2879147069129,1,0.548200249671936,-362.2659403483073,13.442092011769613,69496,69496
631,627.0615754035472,1,0.5481718182563782,-361.84037845235474,13.485029831738538,69567,69567
632,626.7441319610342,1,0.5474125742912292,-363.94282432655234,15.358950850251434,69644,69644
633,622.0946400773028,1,0.5471259951591492,-360.71854358249243,14.348662263817257,69716,69716
634,628.5088966404708,1,0.5476719737052917,-362.08101915333367,15.126637896446333,69789,69789
635,629.2776618549894,1,0.5483505725860596,-362.132568359375,14.205019175116696,69856,69856
636,628.2472123805268,1,0.5489795207977295,-362.3570496465119,15.024153534795197,69927,69927
637,627.2661002734549,1,0.548317015171051,-361.89711452174834,12.222045943543717,70001,70001
638,628.1283718104796,1,0.5469146370887756,-363.28136189778644,14.369788149128789,70070,70070
639,628.7486221680778,1,0.5475060939788818,-363.93286671358,13.549171665135551,70138,70138
640,627.2099870018991,1,0.5464762449264526,-363.49235384229206,15.9775362216251,70209,70209
641,628.7835399423034,1,0.5476968884468079,-361.98227930780666,13.50260447032416,70276,70276
642,627.7646955742165,1,0.5476300716400146,-363.80838187081474,13.943449374607631,70346,70346
643,628.9379163103249,1,0.5479896664619446,-364.3368203904894,12.172639634874132,70418,70418
644,627.8758945965541,1,0.5475952625274658,-365.23131206673634,16.274206248807236,70489,70489
645,628.7986025057731,1,0.5477530360221863,-363.6237921231035,12.469199595244035,70558,70558
646,627.6848788014844,1,0.5470479130744934,-362.44882588990976,14.214493388860998,70629,70629
647,628.7565801973933,1,0.5462521314620972,-364.2955358704524,12.395554606594256,70696,70696
648,627.8169790786437,1,0.5454434156417847,-363.1719139209692,11.659541323565055,70765,70765
649,616.4037028332075,1,0.5441737174987793,-362.577498564849,13.10691025450423,70839,70839
650,627.5033383173619,1,0.5432218313217163,-362.1926900785263,11.208754421913461,70912,70912
651,628.0250939989576,1,0.5432130694389343,-364.9365692138672,11.6909219938166,70980,70980
652,628.2761479116823,1,0.5433996319770813,-363.58816615513393,15.036191586085728,71050,71050
653,617.1460967680423,1,0.5440776348114014,-364.2438504989833,11.874613049912126,71123,71123
654,628.3776574236243,1,0.5450312495231628,-363.01610369001116,12.78501192501613,71193,71193
655,627.0636879060768,1,0.5459122657775879,-364.29049180958367,19.141889127966476,71266,71266
656,628.0274666138115,1,0.5465084910392761,-364.78312421526226,11.436848149980818,71336,71336
657,628.376856970465,1,0.5480076670646667,-364.6008929084329,15.317056550699121,71404,71404
658,628.8126953419494,1,0.5489458441734314,-364.7206643240792,12.187988587788173,71474,71474
659,627.8523180540084,1,0.5498287081718445,-365.2627545525046,14.423610133283278,71542,71542
660,605.343552597135,1,0.5494551658630371,-365.5501204427083,20.134143810272217,71617,71617
661,629.2643688912465,1,0.5494576692581177,-366.5170215208139,12.233046588613027,71684,71684
662,628.3317959088249,1,0.5488515496253967,-364.6757049560547,14.386587394986833,71754,71754
663,627.3462221723508,1,0.5474361181259155,-364.38874451543245,18.132683847991512,71825,71825
664,628.0137141043682,1,0.5467906594276428,-366.60333251953125,16.251969833896585,71898,71898
665,627.5023070447199,1,0.5458240509033203,-365.3052012822399,16.478213760950794,71971,71971
666,627.9708213705367,1,0.5473039150238037,-367.4169180733817,11.989491183417185,72041,72041
667,626.3761859916413,1,0.5468006134033203,-366.07056709185036,14.480807199870071,72114,72114
668,628.05770856157,1,0.5475376844406128,-367.07549510282627,16.535477505010718,72182,72182
669,628.5763044413013,1,0.5479837656021118,-365.7003348855411,14.051571137764874,72250,72250
670,617.3390023778588,1,0.5484079122543335,-367.5736152756382,13.610515345989818,72321,72321
671,628.9415784928644,1,0.5486047267913818,-366.85687685684417,12.647719141463158,72392,72392
672,627.8310714640962,1,0.5475491285324097,-366.69002667595356,19.766742383732517,72460,72460
673,628.096576766193,1,0.54642653465271,-365.63717481825086,12.169464819961124,72532,72532
674,627.7836905446644,1,0.546514093875885,-366.65557188146255,12.25112936777227,72600,72600
675,628.3191498811861,1,0.5455446243286133,-366.1737476293591,15.289624352386033,72669,72669
676,627.7474768148613,1,0.5454593896865845,-366.04833778175146,19.411844653052253,72743,72743
677,617.2007351678949,1,0.5461544394493103,-367.45197822678256,15.888367243216072,72814,72814
678,617.6747354509131,1,0.5460125207901001,-367.4299826426049,12.89500802837006,72887,72887
679,628.4926173215101,1,0.5460981130599976,-366.04292142563975,26.50531258099321,72956,72956
680,622.5695393689741,1,0.5462668538093567,-367.29812364175285,11.846537032597501,73027,73027
681,628.1784553760945,1,0.5466089248657227,-365.01870854695636,26.586304306983948,73099,73099
682,629.6851452726909,1,0.5460138320922852,-366.8553536551339,12.563326147624425,73169,73169
683,629.1675950863637,1,0.5471957325935364,-368.1438258579799,15.540819535936627,73239,73239
684,628.280467408157,1,0.5477955341339111,-366.0391191123188,10.514072362927424,73308,73308
685,627.0023278698798,1,0.548066258430481,-367.4538586590741,20.85615486712069,73382,73382
686,627.5606571162527,1,0.5482178330421448,-367.10987854003906,11.696493361447308,73456,73456
687,629.3421078724323,1,0.5476335287094116,-366.5916142539373,14.214100012703547,73519,73519
688,628.6543881512935,1,0.5489590167999268,-369.58616054759307,20.861496743033914,73587,73587
689,628.5988789481582,1,0.5483288764953613,-366.6257175990513,19.979173415047782,73657,73657
690,628.0620082110332,1,0.5479338765144348,-366.86960960836973,14.00143654907451,73725,73725
691,629.0360777334612,1,0.5480383634567261,-366.2253337186926,16.68873392133152,73793,73793
692,629.4852062597971,1,0.548133373260498,-368.5306719611673,17.552047470036676,73861,73861
693,627.0423064881321,1,0.5478537082672119,-369.0900173187256,19.508887165784834,73941,73941
694,628.9820213828085,1,0.5481809973716736,-368.1457924914004,14.814856628873455,74008,74008
695,618.5434147728671,1,0.5474838018417358,-368.201604788644,23.30044924872262,74078,74078
696,629.4859763149152,1,0.5475509762763977,-367.51868124569165,23.194828012410333,74146,74146
697,628.3495950372157,1,0.5484310984611511,-368.6368523800012,27.23061268979853,74212,74212
698,627.2292436822684,1,0.5480331778526306,-369.2634582519531,10.274518389097402,74283,74283
699,628.2237669449612,1,0.5481863021850586,-369.5851732526507,11.701489543914795,74353,74353
700,628.5384649069563,1,0.5472490787506104,-369.3364095976858,27.34137708490545,74419,74419
701,628.2215013147716,1,0.54721999168396,-368.62430694137794,16.609018450197965,74488,74488
702,628.7168825468215,1,0.5465075969696045,-369.26052474975586,27.721943789058262,74560,74560
703,627.7064675153512,1,0.5454974174499512,-369.1933820452009,17.875677973883494,74630,74630
704,627.8266567326569,1,0.5453630089759827,-371.09560241699216,12.56126778466361,74700,74700
705,616.9548636836892,1,0.5437747836112976,-369.37102629009047,13.110766642972044,74776,74776
706,628.0988446364688,1,0.5429996252059937,-369.6544808914412,23.232657496608905,74843,74843
707,626.1739057015967,1,0.541998565196991,-368.8653439803862,19.3941315261411,74914,74914
708,627.3517378421959,1,0.5410299897193909,-370.6517760394371,20.17526941430079,74987,74987
709,628.5979012623251,1,0.5410537123680115,-371.311559789321,16.601266622543335,75055,75055
710,618.078263379866,1,0.5411620140075684,-369.7193762550891,15.109413160404689,75126,75126
711,627.26232127583,1,0.5414814949035645,-369.79871637048853,10.868675661758639,75197,75197
712,629.1217374935051,1,0.5411248803138733,-369.6529486357276,17.61282157186252,75264,75264
713,627.8880624821977,1,0.5412986278533936,-369.4684708539177,45.12029718651491,75332,75332
714,627.2672422600565,1,0.5405733585357666,-370.8222900390625,10.403130885532924,75402,75402
715,628.5420910539307,1,0.5405531525611877,-369.8782945520738,33.42393440358779,75470,75470
716,628.3450592443422,1,0.5405978560447693,-370.3086853027344,28.556089938526423,75541,75541
717,627.9264584722123,1,0.5390023589134216,-371.927001535076,25.487040219241624,75614,75614
718,628.4628923530263,1,0.5390268564224243,-369.3080057172633,18.051832932144848,75681,75681
719,623.6063264556569,1,0.5405234694480896,-370.35795099595015,17.80149581853081,75749,75749
720,628.6821089605514,1,0.5408145189285278,-373.8075002817007,13.254605550032396,75814,75814
721,627.5783664878413,1,0.5405184626579285,-373.34974452427457,25.909646388462612,75884,75884
722,628.7008987556158,1,0.540459156036377,-371.26732753699935,27.38377011661798,75955,75955
723,627.5113617410636,1,0.5407941937446594,-370.6361947195871,21.41475067819868,76025,76025
724,628.5512609410234,1,0.541525661945343,-369.1237604477826,13.261929925750284,76093,76093
725,628.9594571351104,1,0.5422945022583008,-372.1402059205821,18.04175631429108,76164,76164
726,629.3559972145412,1,0.5435548424720764,-372.33293356824277,24.18126278492942,76231,76231
727,627.6400039815213,1,0.5448768734931946,-371.14821384974886,23.026138510022843,76301,76301
728,628.188847116415,1,0.5441893935203552,-370.9906193324498,34.437778636387414,76371,76371
729,623.3940169371506,1,0.5445263385772705,-371.3323157815372,26.612946033477783,76439,76439
730,628.5452907160033,1,0.5443910360336304,-372.6376761300223,24.725887332643783,76509,76509
731,626.9358230279166,1,0.544245719909668,-370.9617882297464,15.26635369209394,76582,76582
732,617.8141828173312,1,0.5436059236526489,-373.1799028423471,16.789935743305044,76653,76653
733,628.3756241636379,1,0.5425527095794678,-371.4750147639094,18.717874907158517,76727,76727
734,628.8316398324033,1,0.5418049693107605,-371.7432586669922,12.21751481464931,76797,76797
735,628.3754670063329,1,0.5418936014175415,-371.9827557464144,31.440568639271294,76864,76864
736,626.9044480328031,1,0.5403191447257996,-371.44525619291926,23.395767722331303,76935,76935
737,628.7751660752526,1,0.539586067199707,-372.76180706602156,19.517470822189793,77001,77001
738,628.4482731678789,1,0.5394782423973083,-371.11203835227275,52.04774288697676,77067,77067
739,629.6413204439432,1,0.5392349362373352,-372.57315655608676,12.171132045005685,77134,77134
740,629.4255244617669,1,0.5387109518051147,-371.2709204632303,31.8649941181791,77203,77203
741,628.312964945182,1,0.5386592149734497,-371.4788875856261,18.534133634705473,77272,77272
742,628.4862208672109,1,0.538471519947052,-372.43147098316865,11.786998005474315,77340,77340
743,628.4378049992104,1,0.5380989909172058,-371.111894495347,28.223957875195673,77408,77408
744,628.703952039175,1,0.5377946496009827,-372.6773778943048,11.68200451394786,77477,77477
745,629.1865666707732,1,0.538427472114563,-372.77498357436235,18.913981059018305,77545,77545
746,628.20303891925,1,0.5381137132644653,-372.3869677557461,27.44906212627024,77614,77614
747,628.8716561403892,1,0.538230836391449,-373.09732317243305,25.061249719347273,77684,77684
748,628.5363312400511,1,0.5383309125900269,-372.9512023925781,19.045671680995397,77754,77754
749,618.0393389049982,1,0.5385695695877075,-372.52989458356586,18.22644576345171,77824,77824
750,627.5101022794015,1,0.5376561284065247,-372.8998709151994,23.36754004635028,77891,77891
751,617.6927087401453,1,0.5373877882957458,-373.33138689313614,19.528337907791137,77961,77961
752,628.3350120185812,1,0.5377396941184998,-374.80705631140506,14.982803926323399,78027,78027
753,629.0370916346969,1,0.5382028818130493,-373.27114184934703,10.312324260597798,78094,78094
754,627.7958771343973,1,0.5386512279510498,-372.19514599968403,35.09199635421528,78162,78162
755,627.6108547456894,1,0.5384879112243652,-373.1040145210598,13.272144670071809,78231,78231
756,623.2415177620273,1,0.539411187171936,-373.05703212193083,10.858990240097047,78301,78301
757,628.267025124774,1,0.5390833020210266,-373.1569200598675,10.873656210692033,78370,78370
758,619.3512660747084,1,0.5389037132263184,-373.2220458984375,18.202651451615726,78438,78438
759,628.2011164850671,1,0.5392707586288452,-372.8485890858209,14.945179234689741,78505,78505
760,629.3198489681686,1,0.5401752591133118,-374.3795489410856,23.115241200176637,78572,78572
761,627.4085739271547,1,0.5411256551742554,-373.5669564260563,16.548325464759074,78643,78643
762,628.1127391437062,1,0.5407872796058655,-374.11452129525196,21.105183876736064,78714,78714
763,627.5227232521075,1,0.5403769612312317,-375.39747445242745,9.648247139794487,78784,78784
764,618.8169464954693,1,0.5410270690917969,-373.91819354849804,17.959158897399902,78855,78855
765,627.8822083595278,1,0.5399858951568604,-374.47717195398667,17.21799123988432,78923,78923
766,617.5972003000318,1,0.5387266278266907,-373.63035688008347,18.370056877397513,78996,78996
767,628.3491386294533,1,0.5383936166763306,-373.97528686523435,24.059132303510392,79066,79066
768,628.6513901915264,1,0.5379183888435364,-375.02644304547994,18.27341832433428,79136,79136
769,617.3658071703871,1,0.5371814966201782,-372.61801405355965,16.91611594885168,79207,79207
770,628.5166532485489,1,0.5379229187965393,-374.6081711498659,16.90423055905015,79274,79274
771,618.612077352572,1,0.5377324223518372,-374.2575656666475,20.376031426822436,79342,79342
772,617.662806799209,1,0.536211371421814,-373.4070744168931,23.789247298586197,79411,79411
773,627.0160347448866,1,0.5363517999649048,-374.6637882656521,14.49731488360299,79483,79483
774,628.2654452627295,1,0.5372081398963928,-374.2803968541762,23.209158062934875,79551,79551
775,626.2688208962433,1,0.5368674993515015,-375.4222119649251,17.973863515588974,79623,79623
776,627.2844571335845,1,0.5361744165420532,-374.7722151472762,16.87925831691639,79697,79697
777,613.1308820841739,1,0.5365768074989319,-375.4471237827355,16.545218098331507,79768,79768
778,627.8880444505689,1,0.536626935005188,-376.2372023638557,28.054034113883972,79836,79836
779,629.2698331416077,1,0.5369070172309875,-376.2882479154147,12.27238485629742,79901,79901
780,627.8041922225384,1,0.536324143409729,-374.2148308552487,15.989739270277425,79972,79972
781,628.0322945808593,1,0.5362650156021118,-374.70132488674585,17.181633293628693,80044,80044
782,628.5571182364972,1,0.5368082523345947,-374.8685497339221,13.683182391567506,80113,80113
783,627.322389401017,1,0.5369303822517395,-375.02242344447546,26.137851646968297,80183,80183
784,628.1103121297884,1,0.5363695621490479,-375.5453081273321,17.47955732914939,80250,80250
785,627.674048483961,1,0.5371579527854919,-376.12695748465404,30.318488788604736,80320,80320
786,629.1217327824322,1,0.5368833541870117,-375.0436728982364,15.797166417626773,80388,80388
787,613.0705729208978,1,0.5370771884918213,-375.49562072753906,17.843328755242485,80458,80458
788,628.5852450778942,1,0.5367922186851501,-373.33937890978825,12.745623118635537,80527,80527
789,629.2180319733786,1,0.5370591282844543,-374.3164390115177,13.081798581516042,80595,80595
790,628.7547401392026,1,0.5374593138694763,-374.9787530338063,19.220892772955054,80663,80663
791,628.5647705646423,1,0.5381617546081543,-375.1032197371773,16.726718066395193,80732,80732
792,628.2158026344781,1,0.5382475256919861,-376.49621537802875,17.625186111616053,80801,80801
793,628.8975597587671,1,0.5380121469497681,-376.04640197753906,9.684657921109881,80871,80871
794,628.2718142000049,1,0.5380842685699463,-375.4780624852036,33.08262938441652,80937,80937
795,628.1650035341102,1,0.537380576133728,-376.5733750034386,12.997266715681048,81008,81008
796,627.2395432547356,1,0.5369040369987488,-374.55704278815284,17.764245131244397,81081,81081
797,629.4028240972716,1,0.5378313660621643,-375.2979740687779,9.295472376687187,81151,81151
798,627.9834690333824,1,0.5386403203010559,-377.52327862907856,15.832804196021137,81219,81219
799,628.1987991898611,1,0.538937509059906,-375.19614634794345,19.830352544784546,81287,81287
800,628.166545798804,1,0.5396156311035156,-376.1553332010905,13.889577176835802,81359,81359
801,628.1355016479347,1,0.5394255518913269,-376.1055459158761,18.1177574634552,81429,81429
802,617.9137474192993,1,0.539423942565918,-376.25494694364244,14.489286934120068,81498,81498
803,628.7442856545388,1,0.5403470396995544,-374.99054774953356,17.51363859603654,81565,81565
804,628.0538213030324,1,0.5399255156517029,-376.7805367085471,16.98164301487937,81632,81632
805,628.301070263987,1,0.5402701497077942,-377.0330281862071,14.808080592625577,81703,81703
806,626.9946505843927,1,0.5401681065559387,-376.6802940891214,20.21944546372923,81776,81776
807,627.690807548125,1,0.5399124622344971,-375.608055225317,21.281114412390668,81845,81845
808,628.7985265253319,1,0.5404676198959351,-376.681249646173,20.998835480731465,81914,81914
809,628.5603315697566,1,0.5403984785079956,-376.94226879543726,13.097866382863787,81986,81986
810,628.3530417456025,1,0.5393384099006653,-376.5079650878906,21.59600243769901,82057,82057
811,627.794717157636,1,0.537972629070282,-377.0498850647832,17.014605448279582,82128,82128
812,617.9428602255421,1,0.5384160280227661,-375.1666581663367,16.856313894872795,82201,82201
813,628.5376024493147,1,0.5389548540115356,-375.9039253566576,17.926804342131685,82270,82270
814,628.1418828911867,1,0.5393005609512329,-377.58093441233916,8.966545140042024,82338,82338
815,627.5287310507813,1,0.5398662686347961,-376.7708771194237,17.748879183893617,82407,82407
816,628.1185835455725,1,0.5409433841705322,-376.5326069265172,20.67729809664298,82476,82476
817,627.7969104850504,1,0.5409279465675354,-376.31390904017854,15.051880271094186,82546,82546
818,627.4337818439966,1,0.5407845377922058,-377.1443803343054,11.759064873603926,82619,82619
819,627.6106815236951,1,0.5405588150024414,-376.2424230441241,23.196978347402222,82690,82690
820,617.6473421964366,1,0.5397924184799194,-376.5525571037741,24.085477527450113,82758,82758
821,628.5081379780637,1,0.5402937531471252,-377.6881341373219,15.675115999053506,82826,82826
822,617.0345539410683,1,0.5410721302032471,-376.9155639648437,19.19389341218131,82896,82896
823,626.09773361178,1,0.5414937138557434,-377.89177958170575,10.90071231789059,82968,82968
824,627.9331319059919,1,0.5406836867332458,-376.5222911566076,14.905335197986012,83039,83039
825,627.7710413246264,1,0.5399395823478699,-376.4354841676477,16.070853350913687,83112,83112
826,628.1628113903596,1,0.5401143431663513,-378.03314343620747,19.971418296589572,83180,83180
827,628.5130728517136,1,0.5408908724784851,-377.3666454713736,26.11704711771723,83247,83247
828,628.9289976451017,1,0.5412951111793518,-378.43645355666894,12.123271105945975,83316,83316
829,628.7588444172566,1,0.5416696071624756,-379.0393589564732,25.187319414956228,83386,83386
830,628.5686931946228,1,0.5417990684509277,-376.7723294426413,17.59682360116173,83454,83454
831,612.3320490403955,1,0.5428377985954285,-378.23646632603237,24.852430391311646,83524,83524
832,622.0296974447979,1,0.5429450869560242,-377.8969739457251,13.600561491200622,83595,83595
833,628.2110482192818,1,0.5409045219421387,-376.9071226258209,13.604953758958457,83664,83664
834,628.8800624732921,1,0.539892315864563,-379.4193787505661,13.617804333783578,83733,83733
835,627.1805899624178,1,0.5397679209709167,-377.342705095318,13.209038183722697,83804,83804
836,627.2162206732958,1,0.5390046238899231,-378.3219399588449,20.937068813187736,83874,83874
837,628.3821625438997,1,0.5392760634422302,-377.67698355282056,21.644239025957443,83942,83942
838,628.1407885951389,1,0.5391456484794617,-378.76007588704425,19.305347720781963,84008,84008
839,627.165056348921,1,0.5391238331794739,-378.8951476247687,9.377181969190898,84084,84084
840,628.6641120920594,1,0.5389249324798584,-378.90844941475024,25.831723535564585,84155,84155
841,622.4697806245832,1,0.5381714105606079,-377.9115473429362,11.55241091383828,84227,84227
842,628.4024834637521,1,0.537678599357605,-378.69509034998276,12.921339974683875,84295,84295
843,629.971935739999,1,0.5379862189292908,-379.1870047829368,14.0415481003848,84361,84361
844,628.9512227310206,1,0.5374191999435425,-377.9271258729877,14.395353179989439,84427,84427
845,627.666495481459,1,0.5375162363052368,-378.8956945082721,18.442476546063144,84495,84495
846,627.8091708995013,1,0.5371142625808716,-378.7646939927253,11.622774220895076,84564,84564
847,628.3571729204369,1,0.5372669696807861,-379.18138795740464,10.781596082098345,84632,84632
848,627.5374753930114,1,0.5375917553901672,-379.5748122947804,13.977085541987766,84701,84701
849,624.2118548948479,1,0.536916971206665,-378.8463031544405,15.90873652345994,84769,84769
850,626.849318041403,1,0.5355826616287231,-379.31170519660503,22.22421402089736,84837,84837
851,628.5474698044874,1,0.5349145531654358,-379.53018592385683,21.93750945259543,84905,84905
852,628.920701558731,1,0.5345793962478638,-379.6049249822443,22.10634123917782,84971,84971
853,627.9799280239087,1,0.5351241827011108,-378.73742233497507,12.305792843086133,85040,85040
854,627.8728846702793,1,0.5351444482803345,-379.88763556681886,10.148637355213435,85111,85111
855,628.3336286340973,1,0.5346377491950989,-378.80048304966516,15.355987555640084,85181,85181
856,629.1386743579303,1,0.5345981121063232,-379.00008347455196,19.100287128897275,85249,85249
857,627.6895622297629,1,0.5340721607208252,-379.4093601771763,21.514821529388428,85319,85319
858,629.1313756766885,1,0.5339819192886353,-380.07583063299006,19.12945321111968,85385,85385
859,607.2858495380045,1,0.5327793955802917,-378.0605352697238,23.96233249382234,85456,85456
860,628.66098951772,1,0.5325016975402832,-379.19669611313765,21.09234046936035,85524,85524
861,628.8716940977963,1,0.532868504524231,-379.7739785330636,9.742961624690464,85594,85594
862,628.0366397766023,1,0.5317832231521606,-379.0323672087296,13.604378154312355,85663,85663
863,627.0873782345413,1,0.5320770740509033,-377.8012425013951,13.495889343534197,85733,85733
864,622.1605223176001,1,0.5332527756690979,-379.5032567204656,14.34447778882207,85807,85807
865,628.2840092045252,1,0.534042477607727,-379.27231056102806,20.402439642643582,85876,85876
866,627.5450550929862,1,0.534393310546875,-379.6387225943552,20.61838539889161,85947,85947
867,627.7584338147371,1,0.5346581339836121,-379.7882306780134,31.62874467713492,86017,86017
868,628.8510425569491,1,0.535645067691803,-380.4293244774662,18.241657182351865,86084,86084
869,629.9199196785553,1,0.5356957912445068,-379.1392655806108,19.326731407281123,86150,86150
870,628.5556372895869,1,0.5355464220046997,-380.13556222354663,22.245036903549643,86218,86218
871,623.1724444873298,1,0.5371047258377075,-379.81368170844183,24.894852889908684,86290,86290
872,628.5219242964735,1,0.5376874208450317,-379.2843405587333,13.275073494229998,86360,86360
873,628.9676182099794,1,0.537886917591095,-380.2090409873188,27.844840111939803,86429,86429
874,629.5984686280749,1,0.537594735622406,-381.2676355698529,25.472967617651996,86497,86497
875,628.9676083055203,1,0.5379543304443359,-380.09298891009706,13.772719307379289,86563,86563
876,618.1570397677058,1,0.53779536485672,-379.9499337938097,27.6397449043062,86635,86635
877,628.6248027718029,1,0.5373908281326294,-379.5980883612149,15.472751071487648,86704,86704
878,627.950673554562,1,0.5379649996757507,-378.61144670758927,9.359843833105904,86774,86774
879,628.8838278043931,1,0.5375834107398987,-379.8637020487181,10.500333094261062,86845,86845
880,628.0413825675805,1,0.5357683897018433,-379.75996695624457,20.63319817516539,86917,86917
881,627.2973736768041,1,0.5351054668426514,-379.8955078125,13.072544396763117,86988,86988
882,628.6535710799968,1,0.5340136289596558,-379.7378763548085,9.131060640576859,87059,87059
883,629.4814558049486,1,0.5339646339416504,-381.3484238133286,22.43380842064366,87125,87125
884,628.4392725837331,1,0.5349271297454834,-380.01293503028757,11.482118952101555,87194,87194
885,628.0510216318085,1,0.5342159867286682,-380.5396675441576,18.372496874436088,87263,87263
886,628.500897928437,1,0.534297525882721,-380.7509573800223,22.178259018489292,87333,87333
887,627.7766617820067,1,0.534774124622345,-380.7007738385882,10.906863914217269,87403,87403
888,628.3420131757593,1,0.5343595147132874,-381.7344739641462,23.560026720591953,87473,87473
889,620.1119413294074,1,0.5336661338806152,-380.9811997413635,18.375909090042114,87537,87537
890,627.2266717984339,1,0.5332525372505188,-380.5518273247613,8.95915428797404,87609,87609
891,628.9080285654206,1,0.5330778360366821,-380.1971691355986,8.267895730102763,87677,87677
892,628.8519588087677,1,0.5338878035545349,-380.5255563589243,22.724673029092642,87742,87742
893,629.2165448097794,1,0.533889651298523,-380.84874563506156,11.169648961587386,87808,87808
894,629.5851265776125,1,0.5329717993736267,-380.2590013586956,19.59907913899076,87877,87877
895,628.0793089648021,1,0.5316237211227417,-381.422496408656,16.785257633181587,87946,87946
896,628.6070357124238,1,0.5307871699333191,-380.58848033231845,22.11079618510078,88014,88014
897,629.6657372828773,1,0.530875027179718,-381.5328059476965,24.022611190291013,88082,88082
898,628.7294708253821,1,0.5304228663444519,-381.0676397793535,16.534405742866404,88151,88151
899,627.8495217244542,1,0.5295736193656921,-380.18773828793877,16.678735798352385,88224,88224
900,629.2718194378587,1,0.5281539559364319,-380.544603945604,30.07321086570398,88291,88291
901,628.9246833878447,1,0.5284316539764404,-381.17373749704075,12.920663259246133,88357,88357
902,628.0394077987584,1,0.5289826393127441,-381.47178562709263,13.424447505814689,88427,88427
903,617.7673581379692,1,0.5282561182975769,-381.0647056266053,15.825725081848772,88500,88500
904,627.7705760854035,1,0.5280012488365173,-380.1181142027949,23.332624616757244,88571,88571
905,628.5534200608505,1,0.5278148055076599,-380.46497521033655,18.07994802915133,88636,88636
906,629.1345983520926,1,0.5286043882369995,-381.20972806490386,19.400695830125073,88701,88701
907,627.9548211496367,1,0.5290443897247314,-381.66025797526044,12.649470108142797,88770,88770
908,629.3985903900882,1,0.5282253623008728,-381.33797431714606,11.543958512219517,88836,88836
909,628.6568252855725,1,0.5280615091323853,-380.67122183273085,15.851178325823884,88903,88903
910,628.3694629540207,1,0.5286291837692261,-381.60738045828685,21.10584987912859,88973,88973
911,621.7213654145687,1,0.5298411846160889,-381.2565035885327,24.452018221763716,89046,89046
912,627.9009856357095,1,0.5316306352615356,-382.00030979965675,12.155211101878773,89112,89112
913,623.8855820835108,1,0.532162606716156,-380.0366020755491,25.179173179294754,89181,89181
914,627.8921976014852,1,0.5334131717681885,-381.5838048078012,12.01089973035066,89250,89250
915,629.0956483583506,1,0.5332589149475098,-380.2402091026306,21.048150524497032,89314,89314
916,629.1973435827786,1,0.5341732501983643,-381.21699192212975,22.30412843607474,89383,89383
917,628.3709027024908,1,0.5343906283378601,-381.9326084021366,10.618377533825962,89449,89449
918,628.9788930804846,1,0.534936785697937,-381.67667150497437,7.564786564558744,89513,89513
919,626.9835241364752,1,0.5346623659133911,-380.06075456407336,17.16332847542233,89585,89585
920,628.4125168379137,1,0.534001886844635,-380.8752699301276,14.950673526441546,89656,89656
921,628.1982198129249,1,0.535085916519165,-381.4594646951427,14.145464959351912,89725,89725
922,628.5832448132138,1,0.5339741110801697,-379.94300929478237,17.30918345451355,89795,89795
923,628.2548492707947,1,0.5344898104667664,-380.48547407509625,18.668055112811103,89864,89864
924,628.8627179830706,1,0.5340144038200378,-380.84925181830107,13.397837994703606,89931,89931
925,627.7621110632311,1,0.534104585647583,-380.53583869381225,14.612802588421365,90000,90000
926,630.1338792450703,1,0.5347574353218079,-381.1768817608173,18.746850314507117,90065,90065
927,629.0660662456614,1,0.534613311290741,-379.41243247380334,20.62592794024755,90128,90128
928,628.3799064493815,1,0.5353060960769653,-381.886474609375,17.965697127230026,90196,90196
929,629.2714136718944,1,0.5360237956047058,-380.4387664794922,10.454596396648522,90262,90262
930,628.1189561203465,1,0.5359926223754883,-381.87530062091884,19.55841636657715,90329,90329
931,628.3667258943275,1,0.5358948707580566,-382.74126688639325,18.975194107402455,90395,90395
932,627.0898653398964,1,0.5349491238594055,-381.2919576009115,13.214157911936441,90470,90470
933,629.3964235335206,1,0.5350713133811951,-381.98077620321243,13.744856663604281,90537,90537
934,628.4308505775587,1,0.5347351431846619,-381.6832477408396,12.46064130353256,90608,90608
935,628.3700539381002,1,0.5338376760482788,-383.12154523064106,14.698913216590881,90676,90676
936,628.1660722842521,1,0.5324400067329407,-382.2602294921875,8.923420585904802,90746,90746
937,629.9360553653697,1,0.533378541469574,-382.58664310339725,14.739901557113186,90812,90812
938,629.0633573079622,1,0.5346639752388,-382.2177227313702,10.625909761282115,90877,90877
939,627.8977914902615,1,0.5353437662124634,-381.9557919709579,12.681060984514762,90946,90946
940,628.6848207655087,1,0.5350413918495178,-382.0702532867887,15.262261305282365,91013,91013
941,627.6054729942642,1,0.5359326601028442,-382.25018439494386,14.615497474939051,91084,91084
942,628.55109897945,1,0.5367878079414368,-382.07320905412945,14.182430597714015,91154,91154
943,629.4837501646098,1,0.5378224849700928,-383.2233956076882,7.7703536821134165,91220,91220
944,608.871596809498,1,0.5373496413230896,-382.3844501334177,8.306154281320707,91291,91291
945,627.8247688128699,1,0.537712812423706,-382.40349704116136,20.703936982510694,91358,91358
946,628.1071992178714,1,0.5375309586524963,-382.60054175533463,10.976492942269168,91425,91425
947,627.6795707100607,1,0.5375860929489136,-383.7687653842038,10.906913744260187,91498,91498
948,628.2938175094887,1,0.5368133783340454,-382.0868027378136,11.183592447092835,91569,91569
949,628.2083803175718,1,0.5363465547561646,-382.71196872084886,18.15765192971301,91636,91636
950,627.918200043526,1,0.5369085073471069,-382.71023913397306,12.669020735699197,91705,91705
951,628.1668288939337,1,0.5377478003501892,-383.05351300920756,15.64343570300511,91775,91775
952,629.2913022676167,1,0.5393684506416321,-381.9135042078355,13.14143528657801,91843,91843
953,628.4081608216684,1,0.5399580597877502,-382.73433992755946,15.306390032839419,91910,91910
954,616.3338330293033,1,0.5388970971107483,-384.20130961650125,18.238948525609196,91984,91984
955,629.098417240104,1,0.5382841229438782,-382.8103983262006,8.863868194467882,92052,92052
956,627.771383597712,1,0.538345456123352,-381.9959172429265,13.978580117225647,92126,92126
957,608.6740028449196,1,0.5375158190727234,-382.1464507614357,19.1700139183929,92195,92195
958,628.592868141563,1,0.5372613072395325,-381.50969157499424,8.009239747243768,92263,92263
959,628.3805659955656,1,0.537415623664856,-384.3972564697266,9.002300163677761,92333,92333
960,629.1105425230862,1,0.5364473462104797,-382.3784525857043,10.266867018457669,92400,92400
961,619.2374413480072,1,0.537270188331604,-383.0586020729759,14.663427952564124,92466,92466
962,628.9371157266253,1,0.5365262031555176,-382.7929856520433,8.63265297963069,92531,92531
963,629.0889764026537,1,0.5361202359199524,-381.5987979664522,20.671371281147003,92599,92599
964,628.8185930122511,1,0.5366119146347046,-382.74241114374416,12.161826582097296,92666,92666
965,629.449120518865,1,0.5366855263710022,-383.4941925504314,17.300186171460506,92733,92733
966,627.8267038567117,1,0.5353222489356995,-382.5658700125558,12.168912703650339,92803,92803
967,628.8365349501223,1,0.5346276164054871,-382.3580587050494,19.94376807353076,92871,92871
968,628.2614536529497,1,0.5340853929519653,-381.5364189700804,10.522642232369686,92940,92940
969,629.5966364586286,1,0.5349880456924438,-383.1105761172166,9.897875429979011,93007,93007
970,628.4410642554916,1,0.5360763669013977,-382.36538058608323,13.683161198203244,93074,93074
971,627.6158953914802,1,0.5363913774490356,-383.4574775695801,12.972933974530962,93146,93146
972,627.8508641257698,1,0.5370018482208252,-381.98332438749424,10.446589392774245,93214,93214
973,627.7947960524216,1,0.5363094806671143,-381.75912202294194,16.348855253475815,93281,93281
974,628.193394430057,1,0.5346664190292358,-383.1718619851505,21.06575956765343,93349,93349
975,628.5193242360485,1,0.5339869856834412,-382.0997828892299,9.661962284360612,93419,93419
976,628.7135688847111,1,0.5344212055206299,-382.07820195737094,16.085971016814742,93488,93488
977,628.0924437153687,1,0.5339893698692322,-380.9307206748188,10.696495208187379,93557,93557
978,629.042312624301,1,0.5341903567314148,-382.46077411358175,9.312168620182918,93622,93622
979,628.363193114615,1,0.5347199440002441,-382.9390366774339,10.164816588621873,93687,93687
980,621.348844397069,1,0.5345231294631958,-381.4161100260417,9.293839944203695,93762,93762
981,628.4655856665659,1,0.5353271961212158,-381.5182291666667,13.579068798949754,93831,93831
982,628.1681720057088,1,0.5355040431022644,-383.3126238141741,17.821864352907454,93901,93901
983,628.6013482460822,1,0.5347240567207336,-382.10188787123735,9.192485932041617,93969,93969
984,628.3646031628587,1,0.5349130630493164,-382.53655696260756,14.862546948419102,94038,94038
985,627.7469081433496,1,0.534399151802063,-383.68654776310575,9.277919665626857,94107,94107
986,619.2606119436899,1,0.5339059829711914,-382.2297735775218,17.36429381019929,94175,94175
987,628.73593046568,1,0.5335126519203186,-383.2381446041278,17.158949787936994,94242,94242
988,628.3694734177949,1,0.5350363850593567,-382.9040760713465,12.977797865867615,94310,94310
989,628.6394244987362,1,0.5345816612243652,-382.4974966338186,8.678740096814705,94376,94376
990,628.4483455625364,1,0.5343042016029358,-383.6048697855935,19.942038728230035,94443,94443
991,607.3973789398949,1,0.534550130367279,-383.30039554172095,22.01658003197776,94515,94515
992,628.7156004679794,1,0.5342632532119751,-382.28572333036965,10.409144348173,94582,94582
993,628.27317285601,1,0.5343356728553772,-382.876831939255,10.931244981461678,94651,94651
994,628.4823689154139,1,0.535154402256012,-382.2429546780056,14.536726713180542,94723,94723
995,628.973301191528,1,0.5344973802566528,-383.6086757884306,9.514976571587955,94791,94791
996,627.5272379187029,1,0.53473961353302,-382.5862984035326,11.605746683867082,94860,94860
997,629.5997093937744,1,0.5353467464447021,-382.50062799453735,13.164084479212761,94924,94924
998,628.6786859561054,1,0.5360026359558105,-382.7581313403685,9.869436214219279,94991,94991
999,627.5417867057955,1,0.5353383421897888,-382.88259463840063,10.70227955447303,95063,95063
1000,628.0876380909574,1,0.5344430804252625,-384.23996494838167,8.649747269494194,95133,95133
